#! /c/Source/iverilog-install/bin/vvp
:ivl_version "12.0 (devel)" "(s20150603-1539-g2693dd32b)";
:ivl_delay_selection "TYPICAL";
:vpi_time_precision - 12;
:vpi_module "C:\iverilog\lib\ivl\system.vpi";
:vpi_module "C:\iverilog\lib\ivl\vhdl_sys.vpi";
:vpi_module "C:\iverilog\lib\ivl\vhdl_textio.vpi";
:vpi_module "C:\iverilog\lib\ivl\v2005_math.vpi";
:vpi_module "C:\iverilog\lib\ivl\va_math.vpi";
S_0000022320d01b20 .scope module, "tb_smart_school_zone_controller" "tb_smart_school_zone_controller" 2 3;
 .timescale -9 -12;
P_0000022320d985a0 .param/l "GREEN" 1 2 17, C4<001>;
P_0000022320d985d8 .param/l "OFF" 1 2 18, C4<000>;
P_0000022320d98610 .param/l "RED" 1 2 15, C4<100>;
P_0000022320d98648 .param/l "YELLOW" 1 2 16, C4<010>;
v0000022320dfd890_0 .var "clk", 0 0;
v0000022320dfdd90_0 .net "countdown", 3 0, v0000022320dfd2f0_0;  1 drivers
v0000022320dfde30_0 .var/i "errors", 31 0;
v0000022320dfd390_0 .var "flash_mode", 0 0;
v0000022320dbcfe0_0 .net "main_light", 2 0, v0000022320dfd7f0_0;  1 drivers
v0000022320dbdbc0_0 .var "ped_request", 0 0;
v0000022320dbc540_0 .var "reset", 0 0;
v0000022320dbccc0_0 .var "school_mode", 0 0;
v0000022320dbc220_0 .net "side_light", 2 0, v0000022320dfe010_0;  1 drivers
v0000022320dbd580_0 .var/i "tick_count", 31 0;
v0000022320dbc5e0_0 .net "walk_light", 0 0, v0000022320dfdcf0_0;  1 drivers
S_0000022320d402e0 .scope task, "check" "check" 2 40, 2 40 0, S_0000022320d01b20;
 .timescale -9 -12;
v0000022320d40470_0 .var "condition", 0 0;
v0000022320cd2d60_0 .var "message", 1023 0;
TD_tb_smart_school_zone_controller.check ;
    %load/vec4 v0000022320d40470_0;
    %flag_set/vec4 8;
    %jmp/0xz  T_0.0, 8;
    %vpi_call 2 45 "$display", "PASS: %0s", v0000022320cd2d60_0 {0 0 0};
    %jmp T_0.1;
T_0.0 ;
    %vpi_call 2 47 "$display", "FAIL: %0s at time %0t", v0000022320cd2d60_0, $time {0 0 0};
    %load/vec4 v0000022320dfde30_0;
    %addi 1, 0, 32;
    %store/vec4 v0000022320dfde30_0, 0, 32;
T_0.1 ;
    %end;
S_0000022320d04570 .scope task, "check_safe" "check_safe" 2 53, 2 53 0, S_0000022320d01b20;
 .timescale -9 -12;
TD_tb_smart_school_zone_controller.check_safe ;
    %load/vec4 v0000022320dbcfe0_0;
    %cmpi/e 1, 0, 3;
    %flag_get/vec4 4;
    %jmp/0 T_1.2, 4;
    %load/vec4 v0000022320dbc220_0;
    %pushi/vec4 1, 0, 3;
    %cmp/e;
    %flag_get/vec4 4;
    %and;
T_1.2;
    %nor/r;
    %store/vec4 v0000022320d40470_0, 0, 1;
    %pushi/vec4 0, 0, 32; draw_string_vec4
    %pushi/vec4 0, 0, 32; draw_string_vec4
    %concat/vec4; draw_string_vec4
    %pushi/vec4 0, 0, 32; draw_string_vec4
    %concat/vec4; draw_string_vec4
    %pushi/vec4 0, 0, 32; draw_string_vec4
    %concat/vec4; draw_string_vec4
    %pushi/vec4 0, 0, 32; draw_string_vec4
    %concat/vec4; draw_string_vec4
    %pushi/vec4 0, 0, 32; draw_string_vec4
    %concat/vec4; draw_string_vec4
    %pushi/vec4 0, 0, 32; draw_string_vec4
    %concat/vec4; draw_string_vec4
    %pushi/vec4 0, 0, 32; draw_string_vec4
    %concat/vec4; draw_string_vec4
    %pushi/vec4 0, 0, 32; draw_string_vec4
    %concat/vec4; draw_string_vec4
    %pushi/vec4 0, 0, 32; draw_string_vec4
    %concat/vec4; draw_string_vec4
    %pushi/vec4 0, 0, 32; draw_string_vec4
    %concat/vec4; draw_string_vec4
    %pushi/vec4 0, 0, 32; draw_string_vec4
    %concat/vec4; draw_string_vec4
    %pushi/vec4 0, 0, 32; draw_string_vec4
    %concat/vec4; draw_string_vec4
    %pushi/vec4 0, 0, 32; draw_string_vec4
    %concat/vec4; draw_string_vec4
    %pushi/vec4 0, 0, 32; draw_string_vec4
    %concat/vec4; draw_string_vec4
    %pushi/vec4 0, 0, 32; draw_string_vec4
    %concat/vec4; draw_string_vec4
    %pushi/vec4 0, 0, 32; draw_string_vec4
    %concat/vec4; draw_string_vec4
    %pushi/vec4 0, 0, 32; draw_string_vec4
    %concat/vec4; draw_string_vec4
    %pushi/vec4 0, 0, 32; draw_string_vec4
    %concat/vec4; draw_string_vec4
    %pushi/vec4 1835100526, 0, 32; draw_string_vec4
    %concat/vec4; draw_string_vec4
    %pushi/vec4 543256164, 0, 32; draw_string_vec4
    %concat/vec4; draw_string_vec4
    %pushi/vec4 544434532, 0, 32; draw_string_vec4
    %concat/vec4; draw_string_vec4
    %pushi/vec4 1696625263, 0, 32; draw_string_vec4
    %concat/vec4; draw_string_vec4
    %pushi/vec4 1633973024, 0, 32; draw_string_vec4
    %concat/vec4; draw_string_vec4
    %pushi/vec4 1634886944, 0, 32; draw_string_vec4
    %concat/vec4; draw_string_vec4
    %pushi/vec4 1852143205, 0, 32; draw_string_vec4
    %concat/vec4; draw_string_vec4
    %pushi/vec4 1914726258, 0, 32; draw_string_vec4
    %concat/vec4; draw_string_vec4
    %pushi/vec4 1701146144, 0, 32; draw_string_vec4
    %concat/vec4; draw_string_vec4
    %pushi/vec4 1635000436, 0, 32; draw_string_vec4
    %concat/vec4; draw_string_vec4
    %pushi/vec4 1751457907, 0, 32; draw_string_vec4
    %concat/vec4; draw_string_vec4
    %pushi/vec4 1634559264, 0, 32; draw_string_vec4
    %concat/vec4; draw_string_vec4
    %pushi/vec4 1953066341, 0, 32; draw_string_vec4
    %concat/vec4; draw_string_vec4
    %store/vec4 v0000022320cd2d60_0, 0, 1024;
    %fork TD_tb_smart_school_zone_controller.check, S_0000022320d402e0;
    %join;
    %load/vec4 v0000022320dbc5e0_0;
    %cmpi/e 0, 0, 1;
    %flag_get/vec4 4;
    %jmp/1 T_1.3, 4;
    %load/vec4 v0000022320dbcfe0_0;
    %cmpi/e 4, 0, 3;
    %flag_get/vec4 4;
    %jmp/0 T_1.4, 4;
    %load/vec4 v0000022320dbc220_0;
    %pushi/vec4 4, 0, 3;
    %cmp/e;
    %flag_get/vec4 4;
    %and;
T_1.4;
    %or;
T_1.3;
    %store/vec4 v0000022320d40470_0, 0, 1;
    %pushi/vec4 0, 0, 32; draw_string_vec4
    %pushi/vec4 0, 0, 32; draw_string_vec4
    %concat/vec4; draw_string_vec4
    %pushi/vec4 0, 0, 32; draw_string_vec4
    %concat/vec4; draw_string_vec4
    %pushi/vec4 0, 0, 32; draw_string_vec4
    %concat/vec4; draw_string_vec4
    %pushi/vec4 0, 0, 32; draw_string_vec4
    %concat/vec4; draw_string_vec4
    %pushi/vec4 0, 0, 32; draw_string_vec4
    %concat/vec4; draw_string_vec4
    %pushi/vec4 0, 0, 32; draw_string_vec4
    %concat/vec4; draw_string_vec4
    %pushi/vec4 0, 0, 32; draw_string_vec4
    %concat/vec4; draw_string_vec4
    %pushi/vec4 0, 0, 32; draw_string_vec4
    %concat/vec4; draw_string_vec4
    %pushi/vec4 0, 0, 32; draw_string_vec4
    %concat/vec4; draw_string_vec4
    %pushi/vec4 0, 0, 32; draw_string_vec4
    %concat/vec4; draw_string_vec4
    %pushi/vec4 0, 0, 32; draw_string_vec4
    %concat/vec4; draw_string_vec4
    %pushi/vec4 0, 0, 32; draw_string_vec4
    %concat/vec4; draw_string_vec4
    %pushi/vec4 0, 0, 32; draw_string_vec4
    %concat/vec4; draw_string_vec4
    %pushi/vec4 0, 0, 32; draw_string_vec4
    %concat/vec4; draw_string_vec4
    %pushi/vec4 0, 0, 32; draw_string_vec4
    %concat/vec4; draw_string_vec4
    %pushi/vec4 0, 0, 32; draw_string_vec4
    %concat/vec4; draw_string_vec4
    %pushi/vec4 0, 0, 32; draw_string_vec4
    %concat/vec4; draw_string_vec4
    %pushi/vec4 0, 0, 32; draw_string_vec4
    %concat/vec4; draw_string_vec4
    %pushi/vec4 119, 0, 32; draw_string_vec4
    %concat/vec4; draw_string_vec4
    %pushi/vec4 1634495264, 0, 32; draw_string_vec4
    %concat/vec4; draw_string_vec4
    %pushi/vec4 1818847080, 0, 32; draw_string_vec4
    %concat/vec4; draw_string_vec4
    %pushi/vec4 1948281203, 0, 32; draw_string_vec4
    %concat/vec4; draw_string_vec4
    %pushi/vec4 543253364, 0, 32; draw_string_vec4
    %concat/vec4; draw_string_vec4
    %pushi/vec4 1769366816, 0, 32; draw_string_vec4
    %concat/vec4; draw_string_vec4
    %pushi/vec4 1869507705, 0, 32; draw_string_vec4
    %concat/vec4; draw_string_vec4
    %pushi/vec4 544696421, 0, 32; draw_string_vec4
    %concat/vec4; draw_string_vec4
    %pushi/vec4 1847616111, 0, 32; draw_string_vec4
    %concat/vec4; draw_string_vec4
    %pushi/vec4 1952981106, 0, 32; draw_string_vec4
    %concat/vec4; draw_string_vec4
    %pushi/vec4 1868653683, 0, 32; draw_string_vec4
    %concat/vec4; draw_string_vec4
    %pushi/vec4 543257189, 0, 32; draw_string_vec4
    %concat/vec4; draw_string_vec4
    %pushi/vec4 544367972, 0, 32; draw_string_vec4
    %concat/vec4; draw_string_vec4
    %store/vec4 v0000022320cd2d60_0, 0, 1024;
    %fork TD_tb_smart_school_zone_controller.check, S_0000022320d402e0;
    %join;
    %end;
S_0000022320d04700 .scope task, "expect_lights" "expect_lights" 2 87, 2 87 0, S_0000022320d01b20;
 .timescale -9 -12;
v0000022320d41930_0 .var "expected_countdown", 3 0;
v0000022320d4c7e0_0 .var "expected_main", 2 0;
v0000022320d4c880_0 .var "expected_side", 2 0;
v0000022320d4c920_0 .var "expected_walk", 0 0;
v0000022320d4c9c0_0 .var "message", 1023 0;
TD_tb_smart_school_zone_controller.expect_lights ;
    %load/vec4 v0000022320dbcfe0_0;
    %load/vec4 v0000022320d4c7e0_0;
    %cmp/e;
    %flag_get/vec4 4;
    %store/vec4 v0000022320d40470_0, 0, 1;
    %load/vec4 v0000022320d4c9c0_0;
    %pushi/vec4 544039273, 0, 32; draw_string_vec4
    %pushi/vec4 1847618665, 0, 32; draw_string_vec4
    %concat/vec4; draw_string_vec4
    %pushi/vec4 6776948, 0, 24; draw_string_vec4
    %concat/vec4; draw_string_vec4
    %concat/vec4; draw_concat_vec4
    %pad/u 1024;
    %store/vec4 v0000022320cd2d60_0, 0, 1024;
    %fork TD_tb_smart_school_zone_controller.check, S_0000022320d402e0;
    %join;
    %load/vec4 v0000022320dbc220_0;
    %load/vec4 v0000022320d4c880_0;
    %cmp/e;
    %flag_get/vec4 4;
    %store/vec4 v0000022320d40470_0, 0, 1;
    %load/vec4 v0000022320d4c9c0_0;
    %pushi/vec4 544434532, 0, 32; draw_string_vec4
    %pushi/vec4 1696623721, 0, 32; draw_string_vec4
    %concat/vec4; draw_string_vec4
    %pushi/vec4 6776948, 0, 24; draw_string_vec4
    %concat/vec4; draw_string_vec4
    %concat/vec4; draw_concat_vec4
    %pad/u 1024;
    %store/vec4 v0000022320cd2d60_0, 0, 1024;
    %fork TD_tb_smart_school_zone_controller.check, S_0000022320d402e0;
    %join;
    %load/vec4 v0000022320dbc5e0_0;
    %load/vec4 v0000022320d4c920_0;
    %cmp/e;
    %flag_get/vec4 4;
    %store/vec4 v0000022320d40470_0, 0, 1;
    %load/vec4 v0000022320d4c9c0_0;
    %pushi/vec4 544694636, 0, 32; draw_string_vec4
    %pushi/vec4 1797287017, 0, 32; draw_string_vec4
    %concat/vec4; draw_string_vec4
    %pushi/vec4 6776948, 0, 24; draw_string_vec4
    %concat/vec4; draw_string_vec4
    %concat/vec4; draw_concat_vec4
    %pad/u 1024;
    %store/vec4 v0000022320cd2d60_0, 0, 1024;
    %fork TD_tb_smart_school_zone_controller.check, S_0000022320d402e0;
    %join;
    %load/vec4 v0000022320dfdd90_0;
    %load/vec4 v0000022320d41930_0;
    %cmp/e;
    %flag_get/vec4 4;
    %store/vec4 v0000022320d40470_0, 0, 1;
    %load/vec4 v0000022320d4c9c0_0;
    %pushi/vec4 543387509, 0, 32; draw_string_vec4
    %pushi/vec4 1853121647, 0, 32; draw_string_vec4
    %concat/vec4; draw_string_vec4
    %pushi/vec4 30574, 0, 16; draw_string_vec4
    %concat/vec4; draw_string_vec4
    %concat/vec4; draw_concat_vec4
    %pad/u 1024;
    %store/vec4 v0000022320cd2d60_0, 0, 1024;
    %fork TD_tb_smart_school_zone_controller.check, S_0000022320d402e0;
    %join;
    %end;
S_0000022320da42a0 .scope module, "uut" "smart_school_zone_controller" 2 23, 3 3 0, S_0000022320d01b20;
 .timescale -9 -12;
    .port_info 0 /INPUT 1 "clk";
    .port_info 1 /INPUT 1 "reset";
    .port_info 2 /INPUT 1 "school_mode";
    .port_info 3 /INPUT 1 "flash_mode";
    .port_info 4 /INPUT 1 "ped_request";
    .port_info 5 /OUTPUT 3 "main_light";
    .port_info 6 /OUTPUT 3 "side_light";
    .port_info 7 /OUTPUT 1 "walk_light";
    .port_info 8 /OUTPUT 4 "countdown";
P_0000022320d16c70 .param/l "GREEN" 1 3 16, C4<001>;
P_0000022320d16ca8 .param/l "NORMAL_MAIN_GREEN_TICKS" 1 3 25, C4<1010>;
P_0000022320d16ce0 .param/l "NORMAL_SIDE_GREEN_TICKS" 1 3 27, C4<1000>;
P_0000022320d16d18 .param/l "NORMAL_WALK_SECONDS" 1 3 30, C4<0101>;
P_0000022320d16d50 .param/l "OFF" 1 3 17, C4<000>;
P_0000022320d16d88 .param/l "RED" 1 3 14, C4<100>;
P_0000022320d16dc0 .param/l "S0_MAIN_GREEN" 1 3 19, C4<000>;
P_0000022320d16df8 .param/l "S1_MAIN_YELLOW" 1 3 20, C4<001>;
P_0000022320d16e30 .param/l "S2_SIDE_GREEN" 1 3 21, C4<010>;
P_0000022320d16e68 .param/l "S3_SIDE_YELLOW" 1 3 22, C4<011>;
P_0000022320d16ea0 .param/l "S4_WALK" 1 3 23, C4<100>;
P_0000022320d16ed8 .param/l "SCHOOL_MAIN_GREEN_TICKS" 1 3 26, C4<1000>;
P_0000022320d16f10 .param/l "SCHOOL_SIDE_GREEN_TICKS" 1 3 28, C4<1010>;
P_0000022320d16f48 .param/l "SCHOOL_WALK_SECONDS" 1 3 31, C4<1000>;
P_0000022320d16f80 .param/l "YELLOW" 1 3 15, C4<010>;
P_0000022320d16fb8 .param/l "YELLOW_TICKS" 1 3 29, C4<0011>;
L_0000022320d22400 .functor AND 1, v0000022320dfd390_0, L_0000022320dbcd60, C4<1>, C4<1>;
v0000022320dfded0_0 .net *"_ivl_1", 0 0, L_0000022320dbcd60;  1 drivers
L_0000022320dfe0d8 .functor BUFT 1, C4<1000>, C4<0>, C4<0>, C4<0>;
v0000022320dfdb10_0 .net/2u *"_ivl_4", 3 0, L_0000022320dfe0d8;  1 drivers
L_0000022320dfe120 .functor BUFT 1, C4<0101>, C4<0>, C4<0>, C4<0>;
v0000022320dfdf70_0 .net/2u *"_ivl_6", 3 0, L_0000022320dfe120;  1 drivers
v0000022320dfd4d0_0 .net "clk", 0 0, v0000022320dfd890_0;  1 drivers
v0000022320dfd2f0_0 .var "countdown", 3 0;
v0000022320dfd570_0 .net "flash_active", 0 0, L_0000022320d22400;  1 drivers
v0000022320dfdbb0_0 .net "flash_mode", 0 0, v0000022320dfd390_0;  1 drivers
v0000022320dfd930_0 .var "flash_toggle", 0 0;
v0000022320dfd6b0_0 .var "limit", 3 0;
v0000022320dfd7f0_0 .var "main_light", 2 0;
v0000022320dfd610_0 .var "ped_pending", 0 0;
v0000022320dfd250_0 .net "ped_request", 0 0, v0000022320dbdbc0_0;  1 drivers
v0000022320dfd9d0_0 .net "reset", 0 0, v0000022320dbc540_0;  1 drivers
v0000022320dfdc50_0 .net "school_mode", 0 0, v0000022320dbccc0_0;  1 drivers
v0000022320dfe010_0 .var "side_light", 2 0;
v0000022320dfd110_0 .var "state", 2 0;
v0000022320dfd430_0 .var "timer", 3 0;
v0000022320dfdcf0_0 .var "walk_light", 0 0;
v0000022320dfd1b0_0 .net "walk_seconds", 3 0, L_0000022320dbdc60;  1 drivers
E_0000022320d72ab0 .event posedge, v0000022320dfd9d0_0, v0000022320dfd4d0_0;
E_0000022320d729b0/0 .event anyedge, v0000022320dfd570_0, v0000022320dfd930_0, v0000022320dfd110_0, v0000022320dfdc50_0;
E_0000022320d729b0/1 .event anyedge, v0000022320dfd1b0_0, v0000022320dfd430_0;
E_0000022320d729b0 .event/or E_0000022320d729b0/0, E_0000022320d729b0/1;
L_0000022320dbcd60 .reduce/nor v0000022320dbccc0_0;
L_0000022320dbdc60 .functor MUXZ 4, L_0000022320dfe120, L_0000022320dfe0d8, v0000022320dbccc0_0, C4<>;
S_0000022320da4430 .scope task, "wait_for_walk" "wait_for_walk" 2 79, 2 79 0, S_0000022320d01b20;
 .timescale -9 -12;
TD_tb_smart_school_zone_controller.wait_for_walk ;
T_3.5 ;
    %load/vec4 v0000022320dbc5e0_0;
    %cmpi/ne 1, 0, 1;
    %jmp/0xz T_3.6, 4;
    %fork TD_tb_smart_school_zone_controller.wait_tick, S_0000022320cd2720;
    %join;
    %jmp T_3.5;
T_3.6 ;
    %end;
S_0000022320cd2720 .scope task, "wait_tick" "wait_tick" 2 62, 2 62 0, S_0000022320d01b20;
 .timescale -9 -12;
E_0000022320d73170 .event posedge, v0000022320dfd4d0_0;
TD_tb_smart_school_zone_controller.wait_tick ;
    %wait E_0000022320d73170;
    %delay 1000, 0;
    %fork TD_tb_smart_school_zone_controller.check_safe, S_0000022320d04570;
    %join;
    %end;
S_0000022320cd28b0 .scope task, "wait_ticks" "wait_ticks" 2 70, 2 70 0, S_0000022320d01b20;
 .timescale -9 -12;
v0000022320dfd750_0 .var/i "n", 31 0;
TD_tb_smart_school_zone_controller.wait_ticks ;
    %pushi/vec4 0, 0, 32;
    %store/vec4 v0000022320dbd580_0, 0, 32;
T_5.7 ;
    %load/vec4 v0000022320dbd580_0;
    %load/vec4 v0000022320dfd750_0;
    %cmp/s;
    %jmp/0xz T_5.8, 5;
    %fork TD_tb_smart_school_zone_controller.wait_tick, S_0000022320cd2720;
    %join;
    %load/vec4 v0000022320dbd580_0;
    %addi 1, 0, 32;
    %store/vec4 v0000022320dbd580_0, 0, 32;
    %jmp T_5.7;
T_5.8 ;
    %end;
    .scope S_0000022320da42a0;
T_6 ;
    %wait E_0000022320d729b0;
    %pushi/vec4 10, 0, 4;
    %store/vec4 v0000022320dfd6b0_0, 0, 4;
    %pushi/vec4 0, 0, 4;
    %store/vec4 v0000022320dfd2f0_0, 0, 4;
    %load/vec4 v0000022320dfd570_0;
    %flag_set/vec4 8;
    %jmp/0xz  T_6.0, 8;
    %load/vec4 v0000022320dfd930_0;
    %flag_set/vec4 8;
    %jmp/0 T_6.2, 8;
    %pushi/vec4 2, 0, 3;
    %jmp/1 T_6.3, 8;
T_6.2 ; End of true expr.
    %pushi/vec4 0, 0, 3;
    %jmp/0 T_6.3, 8;
 ; End of false expr.
    %blend;
T_6.3;
    %store/vec4 v0000022320dfd7f0_0, 0, 3;
    %pushi/vec4 4, 0, 3;
    %store/vec4 v0000022320dfe010_0, 0, 3;
    %pushi/vec4 0, 0, 1;
    %store/vec4 v0000022320dfdcf0_0, 0, 1;
    %jmp T_6.1;
T_6.0 ;
    %load/vec4 v0000022320dfd110_0;
    %dup/vec4;
    %pushi/vec4 0, 0, 3;
    %cmp/u;
    %jmp/1 T_6.4, 6;
    %dup/vec4;
    %pushi/vec4 1, 0, 3;
    %cmp/u;
    %jmp/1 T_6.5, 6;
    %dup/vec4;
    %pushi/vec4 2, 0, 3;
    %cmp/u;
    %jmp/1 T_6.6, 6;
    %dup/vec4;
    %pushi/vec4 3, 0, 3;
    %cmp/u;
    %jmp/1 T_6.7, 6;
    %dup/vec4;
    %pushi/vec4 4, 0, 3;
    %cmp/u;
    %jmp/1 T_6.8, 6;
    %pushi/vec4 1, 0, 3;
    %store/vec4 v0000022320dfd7f0_0, 0, 3;
    %pushi/vec4 4, 0, 3;
    %store/vec4 v0000022320dfe010_0, 0, 3;
    %pushi/vec4 0, 0, 1;
    %store/vec4 v0000022320dfdcf0_0, 0, 1;
    %load/vec4 v0000022320dfdc50_0;
    %flag_set/vec4 8;
    %jmp/0 T_6.11, 8;
    %pushi/vec4 8, 0, 4;
    %jmp/1 T_6.12, 8;
T_6.11 ; End of true expr.
    %pushi/vec4 10, 0, 4;
    %jmp/0 T_6.12, 8;
 ; End of false expr.
    %blend;
T_6.12;
    %store/vec4 v0000022320dfd6b0_0, 0, 4;
    %jmp T_6.10;
T_6.4 ;
    %pushi/vec4 1, 0, 3;
    %store/vec4 v0000022320dfd7f0_0, 0, 3;
    %pushi/vec4 4, 0, 3;
    %store/vec4 v0000022320dfe010_0, 0, 3;
    %pushi/vec4 0, 0, 1;
    %store/vec4 v0000022320dfdcf0_0, 0, 1;
    %load/vec4 v0000022320dfdc50_0;
    %flag_set/vec4 8;
    %jmp/0 T_6.13, 8;
    %pushi/vec4 8, 0, 4;
    %jmp/1 T_6.14, 8;
T_6.13 ; End of true expr.
    %pushi/vec4 10, 0, 4;
    %jmp/0 T_6.14, 8;
 ; End of false expr.
    %blend;
T_6.14;
    %store/vec4 v0000022320dfd6b0_0, 0, 4;
    %jmp T_6.10;
T_6.5 ;
    %pushi/vec4 2, 0, 3;
    %store/vec4 v0000022320dfd7f0_0, 0, 3;
    %pushi/vec4 4, 0, 3;
    %store/vec4 v0000022320dfe010_0, 0, 3;
    %pushi/vec4 0, 0, 1;
    %store/vec4 v0000022320dfdcf0_0, 0, 1;
    %pushi/vec4 3, 0, 4;
    %store/vec4 v0000022320dfd6b0_0, 0, 4;
    %jmp T_6.10;
T_6.6 ;
    %pushi/vec4 4, 0, 3;
    %store/vec4 v0000022320dfd7f0_0, 0, 3;
    %pushi/vec4 1, 0, 3;
    %store/vec4 v0000022320dfe010_0, 0, 3;
    %pushi/vec4 0, 0, 1;
    %store/vec4 v0000022320dfdcf0_0, 0, 1;
    %load/vec4 v0000022320dfdc50_0;
    %flag_set/vec4 8;
    %jmp/0 T_6.15, 8;
    %pushi/vec4 10, 0, 4;
    %jmp/1 T_6.16, 8;
T_6.15 ; End of true expr.
    %pushi/vec4 8, 0, 4;
    %jmp/0 T_6.16, 8;
 ; End of false expr.
    %blend;
T_6.16;
    %store/vec4 v0000022320dfd6b0_0, 0, 4;
    %jmp T_6.10;
T_6.7 ;
    %pushi/vec4 4, 0, 3;
    %store/vec4 v0000022320dfd7f0_0, 0, 3;
    %pushi/vec4 2, 0, 3;
    %store/vec4 v0000022320dfe010_0, 0, 3;
    %pushi/vec4 0, 0, 1;
    %store/vec4 v0000022320dfdcf0_0, 0, 1;
    %pushi/vec4 3, 0, 4;
    %store/vec4 v0000022320dfd6b0_0, 0, 4;
    %jmp T_6.10;
T_6.8 ;
    %pushi/vec4 4, 0, 3;
    %store/vec4 v0000022320dfd7f0_0, 0, 3;
    %pushi/vec4 4, 0, 3;
    %store/vec4 v0000022320dfe010_0, 0, 3;
    %pushi/vec4 1, 0, 1;
    %store/vec4 v0000022320dfdcf0_0, 0, 1;
    %load/vec4 v0000022320dfd1b0_0;
    %addi 1, 0, 4;
    %store/vec4 v0000022320dfd6b0_0, 0, 4;
    %load/vec4 v0000022320dfd430_0;
    %load/vec4 v0000022320dfd1b0_0;
    %cmp/u;
    %flag_or 5, 4;
    %flag_mov 8, 5;
    %jmp/0 T_6.17, 8;
    %load/vec4 v0000022320dfd1b0_0;
    %load/vec4 v0000022320dfd430_0;
    %sub;
    %jmp/1 T_6.18, 8;
T_6.17 ; End of true expr.
    %pushi/vec4 0, 0, 4;
    %jmp/0 T_6.18, 8;
 ; End of false expr.
    %blend;
T_6.18;
    %store/vec4 v0000022320dfd2f0_0, 0, 4;
    %jmp T_6.10;
T_6.10 ;
    %pop/vec4 1;
T_6.1 ;
    %jmp T_6;
    .thread T_6, $push;
    .scope S_0000022320da42a0;
T_7 ;
    %wait E_0000022320d72ab0;
    %load/vec4 v0000022320dfd9d0_0;
    %flag_set/vec4 8;
    %jmp/0xz  T_7.0, 8;
    %pushi/vec4 0, 0, 3;
    %assign/vec4 v0000022320dfd110_0, 0;
    %pushi/vec4 0, 0, 4;
    %assign/vec4 v0000022320dfd430_0, 0;
    %pushi/vec4 0, 0, 1;
    %assign/vec4 v0000022320dfd610_0, 0;
    %pushi/vec4 1, 0, 1;
    %assign/vec4 v0000022320dfd930_0, 0;
    %jmp T_7.1;
T_7.0 ;
    %load/vec4 v0000022320dfd570_0;
    %flag_set/vec4 8;
    %jmp/0xz  T_7.2, 8;
    %pushi/vec4 0, 0, 3;
    %assign/vec4 v0000022320dfd110_0, 0;
    %pushi/vec4 0, 0, 4;
    %assign/vec4 v0000022320dfd430_0, 0;
    %pushi/vec4 0, 0, 1;
    %assign/vec4 v0000022320dfd610_0, 0;
    %load/vec4 v0000022320dfd930_0;
    %inv;
    %assign/vec4 v0000022320dfd930_0, 0;
    %jmp T_7.3;
T_7.2 ;
    %pushi/vec4 1, 0, 1;
    %assign/vec4 v0000022320dfd930_0, 0;
    %load/vec4 v0000022320dfd250_0;
    %flag_set/vec4 9;
    %flag_get/vec4 9;
    %jmp/0 T_7.6, 9;
    %load/vec4 v0000022320dfd110_0;
    %pushi/vec4 4, 0, 3;
    %cmp/ne;
    %flag_get/vec4 4;
    %and;
T_7.6;
    %flag_set/vec4 8;
    %jmp/0xz  T_7.4, 8;
    %pushi/vec4 1, 0, 1;
    %assign/vec4 v0000022320dfd610_0, 0;
T_7.4 ;
    %load/vec4 v0000022320dfd6b0_0;
    %subi 1, 0, 4;
    %load/vec4 v0000022320dfd430_0;
    %cmp/u;
    %flag_or 5, 4;
    %jmp/0xz  T_7.7, 5;
    %pushi/vec4 0, 0, 4;
    %assign/vec4 v0000022320dfd430_0, 0;
    %load/vec4 v0000022320dfd110_0;
    %dup/vec4;
    %pushi/vec4 0, 0, 3;
    %cmp/u;
    %jmp/1 T_7.9, 6;
    %dup/vec4;
    %pushi/vec4 1, 0, 3;
    %cmp/u;
    %jmp/1 T_7.10, 6;
    %dup/vec4;
    %pushi/vec4 2, 0, 3;
    %cmp/u;
    %jmp/1 T_7.11, 6;
    %dup/vec4;
    %pushi/vec4 4, 0, 3;
    %cmp/u;
    %jmp/1 T_7.12, 6;
    %dup/vec4;
    %pushi/vec4 3, 0, 3;
    %cmp/u;
    %jmp/1 T_7.13, 6;
    %pushi/vec4 0, 0, 3;
    %assign/vec4 v0000022320dfd110_0, 0;
    %jmp T_7.15;
T_7.9 ;
    %pushi/vec4 1, 0, 3;
    %assign/vec4 v0000022320dfd110_0, 0;
    %jmp T_7.15;
T_7.10 ;
    %pushi/vec4 2, 0, 3;
    %assign/vec4 v0000022320dfd110_0, 0;
    %jmp T_7.15;
T_7.11 ;
    %load/vec4 v0000022320dfd610_0;
    %flag_set/vec4 8;
    %jmp/1 T_7.18, 8;
    %load/vec4 v0000022320dfd250_0;
    %flag_set/vec4 9;
    %flag_or 8, 9;
T_7.18;
    %jmp/0xz  T_7.16, 8;
    %pushi/vec4 4, 0, 3;
    %assign/vec4 v0000022320dfd110_0, 0;
    %pushi/vec4 0, 0, 1;
    %assign/vec4 v0000022320dfd610_0, 0;
    %jmp T_7.17;
T_7.16 ;
    %pushi/vec4 3, 0, 3;
    %assign/vec4 v0000022320dfd110_0, 0;
T_7.17 ;
    %jmp T_7.15;
T_7.12 ;
    %pushi/vec4 3, 0, 3;
    %assign/vec4 v0000022320dfd110_0, 0;
    %jmp T_7.15;
T_7.13 ;
    %pushi/vec4 0, 0, 3;
    %assign/vec4 v0000022320dfd110_0, 0;
    %jmp T_7.15;
T_7.15 ;
    %pop/vec4 1;
    %jmp T_7.8;
T_7.7 ;
    %load/vec4 v0000022320dfd430_0;
    %addi 1, 0, 4;
    %assign/vec4 v0000022320dfd430_0, 0;
T_7.8 ;
T_7.3 ;
T_7.1 ;
    %jmp T_7;
    .thread T_7;
    .scope S_0000022320d01b20;
T_8 ;
    %pushi/vec4 0, 0, 1;
    %store/vec4 v0000022320dfd890_0, 0, 1;
T_8.0 ;
    %delay 5000, 0;
    %load/vec4 v0000022320dfd890_0;
    %inv;
    %store/vec4 v0000022320dfd890_0, 0, 1;
    %jmp T_8.0;
    %end;
    .thread T_8;
    .scope S_0000022320d01b20;
T_9 ;
    %vpi_call 2 102 "$dumpfile", "smart_school_zone.vcd" {0 0 0};
    %vpi_call 2 103 "$dumpvars", 32'sb00000000000000000000000000000000, S_0000022320d01b20 {0 0 0};
    %pushi/vec4 0, 0, 32;
    %store/vec4 v0000022320dfde30_0, 0, 32;
    %pushi/vec4 1, 0, 1;
    %store/vec4 v0000022320dbc540_0, 0, 1;
    %pushi/vec4 0, 0, 1;
    %store/vec4 v0000022320dbccc0_0, 0, 1;
    %pushi/vec4 0, 0, 1;
    %store/vec4 v0000022320dfd390_0, 0, 1;
    %pushi/vec4 0, 0, 1;
    %store/vec4 v0000022320dbdbc0_0, 0, 1;
    %vpi_call 2 111 "$display", "=== Scenario 1: Reset operation ===" {0 0 0};
    %delay 2000, 0;
    %pushi/vec4 1, 0, 3;
    %store/vec4 v0000022320d4c7e0_0, 0, 3;
    %pushi/vec4 4, 0, 3;
    %store/vec4 v0000022320d4c880_0, 0, 3;
    %pushi/vec4 0, 0, 1;
    %store/vec4 v0000022320d4c920_0, 0, 1;
    %pushi/vec4 0, 0, 4;
    %store/vec4 v0000022320d41930_0, 0, 4;
    %pushi/vec4 0, 0, 32; draw_string_vec4
    %pushi/vec4 0, 0, 32; draw_string_vec4
    %concat/vec4; draw_string_vec4
    %pushi/vec4 0, 0, 32; draw_string_vec4
    %concat/vec4; draw_string_vec4
    %pushi/vec4 0, 0, 32; draw_string_vec4
    %concat/vec4; draw_string_vec4
    %pushi/vec4 0, 0, 32; draw_string_vec4
    %concat/vec4; draw_string_vec4
    %pushi/vec4 0, 0, 32; draw_string_vec4
    %concat/vec4; draw_string_vec4
    %pushi/vec4 0, 0, 32; draw_string_vec4
    %concat/vec4; draw_string_vec4
    %pushi/vec4 0, 0, 32; draw_string_vec4
    %concat/vec4; draw_string_vec4
    %pushi/vec4 0, 0, 32; draw_string_vec4
    %concat/vec4; draw_string_vec4
    %pushi/vec4 0, 0, 32; draw_string_vec4
    %concat/vec4; draw_string_vec4
    %pushi/vec4 0, 0, 32; draw_string_vec4
    %concat/vec4; draw_string_vec4
    %pushi/vec4 0, 0, 32; draw_string_vec4
    %concat/vec4; draw_string_vec4
    %pushi/vec4 0, 0, 32; draw_string_vec4
    %concat/vec4; draw_string_vec4
    %pushi/vec4 0, 0, 32; draw_string_vec4
    %concat/vec4; draw_string_vec4
    %pushi/vec4 0, 0, 32; draw_string_vec4
    %concat/vec4; draw_string_vec4
    %pushi/vec4 0, 0, 32; draw_string_vec4
    %concat/vec4; draw_string_vec4
    %pushi/vec4 0, 0, 32; draw_string_vec4
    %concat/vec4; draw_string_vec4
    %pushi/vec4 0, 0, 32; draw_string_vec4
    %concat/vec4; draw_string_vec4
    %pushi/vec4 0, 0, 32; draw_string_vec4
    %concat/vec4; draw_string_vec4
    %pushi/vec4 0, 0, 32; draw_string_vec4
    %concat/vec4; draw_string_vec4
    %pushi/vec4 0, 0, 32; draw_string_vec4
    %concat/vec4; draw_string_vec4
    %pushi/vec4 0, 0, 32; draw_string_vec4
    %concat/vec4; draw_string_vec4
    %pushi/vec4 29285, 0, 32; draw_string_vec4
    %concat/vec4; draw_string_vec4
    %pushi/vec4 1936028704, 0, 32; draw_string_vec4
    %concat/vec4; draw_string_vec4
    %pushi/vec4 1919251573, 0, 32; draw_string_vec4
    %concat/vec4; draw_string_vec4
    %pushi/vec4 1919841056, 0, 32; draw_string_vec4
    %concat/vec4; draw_string_vec4
    %pushi/vec4 1953439859, 0, 32; draw_string_vec4
    %concat/vec4; draw_string_vec4
    %pushi/vec4 1634100512, 0, 32; draw_string_vec4
    %concat/vec4; draw_string_vec4
    %pushi/vec4 1835100526, 0, 32; draw_string_vec4
    %concat/vec4; draw_string_vec4
    %pushi/vec4 543650405, 0, 32; draw_string_vec4
    %concat/vec4; draw_string_vec4
    %pushi/vec4 1701716083, 0, 32; draw_string_vec4
    %concat/vec4; draw_string_vec4
    %pushi/vec4 1952543845, 0, 32; draw_string_vec4
    %concat/vec4; draw_string_vec4
    %store/vec4 v0000022320d4c9c0_0, 0, 1024;
    %fork TD_tb_smart_school_zone_controller.expect_lights, S_0000022320d04700;
    %join;
    %pushi/vec4 0, 0, 1;
    %store/vec4 v0000022320dbc540_0, 0, 1;
    %fork TD_tb_smart_school_zone_controller.wait_tick, S_0000022320cd2720;
    %join;
    %vpi_call 2 117 "$display", "=== Scenario 2: Normal traffic cycle ===" {0 0 0};
    %pushi/vec4 1, 0, 3;
    %store/vec4 v0000022320d4c7e0_0, 0, 3;
    %pushi/vec4 4, 0, 3;
    %store/vec4 v0000022320d4c880_0, 0, 3;
    %pushi/vec4 0, 0, 1;
    %store/vec4 v0000022320d4c920_0, 0, 1;
    %pushi/vec4 0, 0, 4;
    %store/vec4 v0000022320d41930_0, 0, 4;
    %pushi/vec4 0, 0, 32; draw_string_vec4
    %pushi/vec4 0, 0, 32; draw_string_vec4
    %concat/vec4; draw_string_vec4
    %pushi/vec4 0, 0, 32; draw_string_vec4
    %concat/vec4; draw_string_vec4
    %pushi/vec4 0, 0, 32; draw_string_vec4
    %concat/vec4; draw_string_vec4
    %pushi/vec4 0, 0, 32; draw_string_vec4
    %concat/vec4; draw_string_vec4
    %pushi/vec4 0, 0, 32; draw_string_vec4
    %concat/vec4; draw_string_vec4
    %pushi/vec4 0, 0, 32; draw_string_vec4
    %concat/vec4; draw_string_vec4
    %pushi/vec4 0, 0, 32; draw_string_vec4
    %concat/vec4; draw_string_vec4
    %pushi/vec4 0, 0, 32; draw_string_vec4
    %concat/vec4; draw_string_vec4
    %pushi/vec4 0, 0, 32; draw_string_vec4
    %concat/vec4; draw_string_vec4
    %pushi/vec4 0, 0, 32; draw_string_vec4
    %concat/vec4; draw_string_vec4
    %pushi/vec4 0, 0, 32; draw_string_vec4
    %concat/vec4; draw_string_vec4
    %pushi/vec4 0, 0, 32; draw_string_vec4
    %concat/vec4; draw_string_vec4
    %pushi/vec4 0, 0, 32; draw_string_vec4
    %concat/vec4; draw_string_vec4
    %pushi/vec4 0, 0, 32; draw_string_vec4
    %concat/vec4; draw_string_vec4
    %pushi/vec4 0, 0, 32; draw_string_vec4
    %concat/vec4; draw_string_vec4
    %pushi/vec4 0, 0, 32; draw_string_vec4
    %concat/vec4; draw_string_vec4
    %pushi/vec4 0, 0, 32; draw_string_vec4
    %concat/vec4; draw_string_vec4
    %pushi/vec4 0, 0, 32; draw_string_vec4
    %concat/vec4; draw_string_vec4
    %pushi/vec4 0, 0, 32; draw_string_vec4
    %concat/vec4; draw_string_vec4
    %pushi/vec4 0, 0, 32; draw_string_vec4
    %concat/vec4; draw_string_vec4
    %pushi/vec4 0, 0, 32; draw_string_vec4
    %concat/vec4; draw_string_vec4
    %pushi/vec4 0, 0, 32; draw_string_vec4
    %concat/vec4; draw_string_vec4
    %pushi/vec4 28271, 0, 32; draw_string_vec4
    %concat/vec4; draw_string_vec4
    %pushi/vec4 1919770988, 0, 32; draw_string_vec4
    %concat/vec4; draw_string_vec4
    %pushi/vec4 544042852, 0, 32; draw_string_vec4
    %concat/vec4; draw_string_vec4
    %pushi/vec4 1696625524, 0, 32; draw_string_vec4
    %concat/vec4; draw_string_vec4
    %pushi/vec4 1634890867, 0, 32; draw_string_vec4
    %concat/vec4; draw_string_vec4
    %pushi/vec4 544696692, 0, 32; draw_string_vec4
    %concat/vec4; draw_string_vec4
    %pushi/vec4 1746955617, 0, 32; draw_string_vec4
    %concat/vec4; draw_string_vec4
    %pushi/vec4 1768824935, 0, 32; draw_string_vec4
    %concat/vec4; draw_string_vec4
    %pushi/vec4 1919247726, 0, 32; draw_string_vec4
    %concat/vec4; draw_string_vec4
    %store/vec4 v0000022320d4c9c0_0, 0, 1024;
    %fork TD_tb_smart_school_zone_controller.expect_lights, S_0000022320d04700;
    %join;
    %pushi/vec4 9, 0, 32;
    %store/vec4 v0000022320dfd750_0, 0, 32;
    %fork TD_tb_smart_school_zone_controller.wait_ticks, S_0000022320cd28b0;
    %join;
    %pushi/vec4 2, 0, 3;
    %store/vec4 v0000022320d4c7e0_0, 0, 3;
    %pushi/vec4 4, 0, 3;
    %store/vec4 v0000022320d4c880_0, 0, 3;
    %pushi/vec4 0, 0, 1;
    %store/vec4 v0000022320d4c920_0, 0, 1;
    %pushi/vec4 0, 0, 4;
    %store/vec4 v0000022320d41930_0, 0, 4;
    %pushi/vec4 0, 0, 32; draw_string_vec4
    %pushi/vec4 0, 0, 32; draw_string_vec4
    %concat/vec4; draw_string_vec4
    %pushi/vec4 0, 0, 32; draw_string_vec4
    %concat/vec4; draw_string_vec4
    %pushi/vec4 0, 0, 32; draw_string_vec4
    %concat/vec4; draw_string_vec4
    %pushi/vec4 0, 0, 32; draw_string_vec4
    %concat/vec4; draw_string_vec4
    %pushi/vec4 0, 0, 32; draw_string_vec4
    %concat/vec4; draw_string_vec4
    %pushi/vec4 0, 0, 32; draw_string_vec4
    %concat/vec4; draw_string_vec4
    %pushi/vec4 0, 0, 32; draw_string_vec4
    %concat/vec4; draw_string_vec4
    %pushi/vec4 0, 0, 32; draw_string_vec4
    %concat/vec4; draw_string_vec4
    %pushi/vec4 0, 0, 32; draw_string_vec4
    %concat/vec4; draw_string_vec4
    %pushi/vec4 0, 0, 32; draw_string_vec4
    %concat/vec4; draw_string_vec4
    %pushi/vec4 0, 0, 32; draw_string_vec4
    %concat/vec4; draw_string_vec4
    %pushi/vec4 0, 0, 32; draw_string_vec4
    %concat/vec4; draw_string_vec4
    %pushi/vec4 0, 0, 32; draw_string_vec4
    %concat/vec4; draw_string_vec4
    %pushi/vec4 0, 0, 32; draw_string_vec4
    %concat/vec4; draw_string_vec4
    %pushi/vec4 0, 0, 32; draw_string_vec4
    %concat/vec4; draw_string_vec4
    %pushi/vec4 0, 0, 32; draw_string_vec4
    %concat/vec4; draw_string_vec4
    %pushi/vec4 0, 0, 32; draw_string_vec4
    %concat/vec4; draw_string_vec4
    %pushi/vec4 0, 0, 32; draw_string_vec4
    %concat/vec4; draw_string_vec4
    %pushi/vec4 0, 0, 32; draw_string_vec4
    %concat/vec4; draw_string_vec4
    %pushi/vec4 28271, 0, 32; draw_string_vec4
    %concat/vec4; draw_string_vec4
    %pushi/vec4 1919770988, 0, 32; draw_string_vec4
    %concat/vec4; draw_string_vec4
    %pushi/vec4 544042852, 0, 32; draw_string_vec4
    %concat/vec4; draw_string_vec4
    %pushi/vec4 1696625253, 0, 32; draw_string_vec4
    %concat/vec4; draw_string_vec4
    %pushi/vec4 1633904741, 0, 32; draw_string_vec4
    %concat/vec4; draw_string_vec4
    %pushi/vec4 1931504993, 0, 32; draw_string_vec4
    %concat/vec4; draw_string_vec4
    %pushi/vec4 1768824953, 0, 32; draw_string_vec4
    %concat/vec4; draw_string_vec4
    %pushi/vec4 1701604463, 0, 32; draw_string_vec4
    %concat/vec4; draw_string_vec4
    %pushi/vec4 1998610790, 0, 32; draw_string_vec4
    %concat/vec4; draw_string_vec4
    %pushi/vec4 1952805408, 0, 32; draw_string_vec4
    %concat/vec4; draw_string_vec4
    %pushi/vec4 825237620, 0, 32; draw_string_vec4
    %concat/vec4; draw_string_vec4
    %pushi/vec4 1768123251, 0, 32; draw_string_vec4
    %concat/vec4; draw_string_vec4
    %store/vec4 v0000022320d4c9c0_0, 0, 1024;
    %fork TD_tb_smart_school_zone_controller.expect_lights, S_0000022320d04700;
    %join;
    %pushi/vec4 3, 0, 32;
    %store/vec4 v0000022320dfd750_0, 0, 32;
    %fork TD_tb_smart_school_zone_controller.wait_ticks, S_0000022320cd28b0;
    %join;
    %pushi/vec4 4, 0, 3;
    %store/vec4 v0000022320d4c7e0_0, 0, 3;
    %pushi/vec4 1, 0, 3;
    %store/vec4 v0000022320d4c880_0, 0, 3;
    %pushi/vec4 0, 0, 1;
    %store/vec4 v0000022320d4c920_0, 0, 1;
    %pushi/vec4 0, 0, 4;
    %store/vec4 v0000022320d41930_0, 0, 4;
    %pushi/vec4 0, 0, 32; draw_string_vec4
    %pushi/vec4 0, 0, 32; draw_string_vec4
    %concat/vec4; draw_string_vec4
    %pushi/vec4 0, 0, 32; draw_string_vec4
    %concat/vec4; draw_string_vec4
    %pushi/vec4 0, 0, 32; draw_string_vec4
    %concat/vec4; draw_string_vec4
    %pushi/vec4 0, 0, 32; draw_string_vec4
    %concat/vec4; draw_string_vec4
    %pushi/vec4 0, 0, 32; draw_string_vec4
    %concat/vec4; draw_string_vec4
    %pushi/vec4 0, 0, 32; draw_string_vec4
    %concat/vec4; draw_string_vec4
    %pushi/vec4 0, 0, 32; draw_string_vec4
    %concat/vec4; draw_string_vec4
    %pushi/vec4 0, 0, 32; draw_string_vec4
    %concat/vec4; draw_string_vec4
    %pushi/vec4 0, 0, 32; draw_string_vec4
    %concat/vec4; draw_string_vec4
    %pushi/vec4 0, 0, 32; draw_string_vec4
    %concat/vec4; draw_string_vec4
    %pushi/vec4 0, 0, 32; draw_string_vec4
    %concat/vec4; draw_string_vec4
    %pushi/vec4 0, 0, 32; draw_string_vec4
    %concat/vec4; draw_string_vec4
    %pushi/vec4 0, 0, 32; draw_string_vec4
    %concat/vec4; draw_string_vec4
    %pushi/vec4 0, 0, 32; draw_string_vec4
    %concat/vec4; draw_string_vec4
    %pushi/vec4 0, 0, 32; draw_string_vec4
    %concat/vec4; draw_string_vec4
    %pushi/vec4 0, 0, 32; draw_string_vec4
    %concat/vec4; draw_string_vec4
    %pushi/vec4 0, 0, 32; draw_string_vec4
    %concat/vec4; draw_string_vec4
    %pushi/vec4 0, 0, 32; draw_string_vec4
    %concat/vec4; draw_string_vec4
    %pushi/vec4 0, 0, 32; draw_string_vec4
    %concat/vec4; draw_string_vec4
    %pushi/vec4 0, 0, 32; draw_string_vec4
    %concat/vec4; draw_string_vec4
    %pushi/vec4 7237490, 0, 32; draw_string_vec4
    %concat/vec4; draw_string_vec4
    %pushi/vec4 1835101216, 0, 32; draw_string_vec4
    %concat/vec4; draw_string_vec4
    %pushi/vec4 1836016741, 0, 32; draw_string_vec4
    %concat/vec4; draw_string_vec4
    %pushi/vec4 544367969, 0, 32; draw_string_vec4
    %concat/vec4; draw_string_vec4
    %pushi/vec4 1667786099, 0, 32; draw_string_vec4
    %concat/vec4; draw_string_vec4
    %pushi/vec4 544434532, 0, 32; draw_string_vec4
    %concat/vec4; draw_string_vec4
    %pushi/vec4 1696622450, 0, 32; draw_string_vec4
    %concat/vec4; draw_string_vec4
    %pushi/vec4 1701146144, 0, 32; draw_string_vec4
    %concat/vec4; draw_string_vec4
    %pushi/vec4 1634104421, 0, 32; draw_string_vec4
    %concat/vec4; draw_string_vec4
    %pushi/vec4 1914730853, 0, 32; draw_string_vec4
    %concat/vec4; draw_string_vec4
    %pushi/vec4 1819045751, 0, 32; draw_string_vec4
    %concat/vec4; draw_string_vec4
    %store/vec4 v0000022320d4c9c0_0, 0, 1024;
    %fork TD_tb_smart_school_zone_controller.expect_lights, S_0000022320d04700;
    %join;
    %pushi/vec4 8, 0, 32;
    %store/vec4 v0000022320dfd750_0, 0, 32;
    %fork TD_tb_smart_school_zone_controller.wait_ticks, S_0000022320cd28b0;
    %join;
    %pushi/vec4 4, 0, 3;
    %store/vec4 v0000022320d4c7e0_0, 0, 3;
    %pushi/vec4 2, 0, 3;
    %store/vec4 v0000022320d4c880_0, 0, 3;
    %pushi/vec4 0, 0, 1;
    %store/vec4 v0000022320d4c920_0, 0, 1;
    %pushi/vec4 0, 0, 4;
    %store/vec4 v0000022320d41930_0, 0, 4;
    %pushi/vec4 0, 0, 32; draw_string_vec4
    %pushi/vec4 0, 0, 32; draw_string_vec4
    %concat/vec4; draw_string_vec4
    %pushi/vec4 0, 0, 32; draw_string_vec4
    %concat/vec4; draw_string_vec4
    %pushi/vec4 0, 0, 32; draw_string_vec4
    %concat/vec4; draw_string_vec4
    %pushi/vec4 0, 0, 32; draw_string_vec4
    %concat/vec4; draw_string_vec4
    %pushi/vec4 0, 0, 32; draw_string_vec4
    %concat/vec4; draw_string_vec4
    %pushi/vec4 0, 0, 32; draw_string_vec4
    %concat/vec4; draw_string_vec4
    %pushi/vec4 0, 0, 32; draw_string_vec4
    %concat/vec4; draw_string_vec4
    %pushi/vec4 0, 0, 32; draw_string_vec4
    %concat/vec4; draw_string_vec4
    %pushi/vec4 0, 0, 32; draw_string_vec4
    %concat/vec4; draw_string_vec4
    %pushi/vec4 0, 0, 32; draw_string_vec4
    %concat/vec4; draw_string_vec4
    %pushi/vec4 0, 0, 32; draw_string_vec4
    %concat/vec4; draw_string_vec4
    %pushi/vec4 0, 0, 32; draw_string_vec4
    %concat/vec4; draw_string_vec4
    %pushi/vec4 0, 0, 32; draw_string_vec4
    %concat/vec4; draw_string_vec4
    %pushi/vec4 0, 0, 32; draw_string_vec4
    %concat/vec4; draw_string_vec4
    %pushi/vec4 0, 0, 32; draw_string_vec4
    %concat/vec4; draw_string_vec4
    %pushi/vec4 0, 0, 32; draw_string_vec4
    %concat/vec4; draw_string_vec4
    %pushi/vec4 0, 0, 32; draw_string_vec4
    %concat/vec4; draw_string_vec4
    %pushi/vec4 0, 0, 32; draw_string_vec4
    %concat/vec4; draw_string_vec4
    %pushi/vec4 110, 0, 32; draw_string_vec4
    %concat/vec4; draw_string_vec4
    %pushi/vec4 1869770081, 0, 32; draw_string_vec4
    %concat/vec4; draw_string_vec4
    %pushi/vec4 1814064495, 0, 32; draw_string_vec4
    %concat/vec4; draw_string_vec4
    %pushi/vec4 1684349043, 0, 32; draw_string_vec4
    %concat/vec4; draw_string_vec4
    %pushi/vec4 1802072179, 0, 32; draw_string_vec4
    %concat/vec4; draw_string_vec4
    %pushi/vec4 544694636, 0, 32; draw_string_vec4
    %concat/vec4; draw_string_vec4
    %pushi/vec4 1797289833, 0, 32; draw_string_vec4
    %concat/vec4; draw_string_vec4
    %pushi/vec4 1953001333, 0, 32; draw_string_vec4
    %concat/vec4; draw_string_vec4
    %pushi/vec4 1948282981, 0, 32; draw_string_vec4
    %concat/vec4; draw_string_vec4
    %pushi/vec4 1684370292, 0, 32; draw_string_vec4
    %concat/vec4; draw_string_vec4
    %pushi/vec4 1919508846, 0, 32; draw_string_vec4
    %concat/vec4; draw_string_vec4
    %pushi/vec4 544367985, 0, 32; draw_string_vec4
    %concat/vec4; draw_string_vec4
    %pushi/vec4 1969582964, 0, 32; draw_string_vec4
    %concat/vec4; draw_string_vec4
    %store/vec4 v0000022320d4c9c0_0, 0, 1024;
    %fork TD_tb_smart_school_zone_controller.expect_lights, S_0000022320d04700;
    %join;
    %pushi/vec4 3, 0, 32;
    %store/vec4 v0000022320dfd750_0, 0, 32;
    %fork TD_tb_smart_school_zone_controller.wait_ticks, S_0000022320cd28b0;
    %join;
    %pushi/vec4 1, 0, 3;
    %store/vec4 v0000022320d4c7e0_0, 0, 3;
    %pushi/vec4 4, 0, 3;
    %store/vec4 v0000022320d4c880_0, 0, 3;
    %pushi/vec4 0, 0, 1;
    %store/vec4 v0000022320d4c920_0, 0, 1;
    %pushi/vec4 0, 0, 4;
    %store/vec4 v0000022320d41930_0, 0, 4;
    %pushi/vec4 0, 0, 32; draw_string_vec4
    %pushi/vec4 0, 0, 32; draw_string_vec4
    %concat/vec4; draw_string_vec4
    %pushi/vec4 0, 0, 32; draw_string_vec4
    %concat/vec4; draw_string_vec4
    %pushi/vec4 0, 0, 32; draw_string_vec4
    %concat/vec4; draw_string_vec4
    %pushi/vec4 0, 0, 32; draw_string_vec4
    %concat/vec4; draw_string_vec4
    %pushi/vec4 0, 0, 32; draw_string_vec4
    %concat/vec4; draw_string_vec4
    %pushi/vec4 0, 0, 32; draw_string_vec4
    %concat/vec4; draw_string_vec4
    %pushi/vec4 0, 0, 32; draw_string_vec4
    %concat/vec4; draw_string_vec4
    %pushi/vec4 0, 0, 32; draw_string_vec4
    %concat/vec4; draw_string_vec4
    %pushi/vec4 0, 0, 32; draw_string_vec4
    %concat/vec4; draw_string_vec4
    %pushi/vec4 0, 0, 32; draw_string_vec4
    %concat/vec4; draw_string_vec4
    %pushi/vec4 0, 0, 32; draw_string_vec4
    %concat/vec4; draw_string_vec4
    %pushi/vec4 0, 0, 32; draw_string_vec4
    %concat/vec4; draw_string_vec4
    %pushi/vec4 0, 0, 32; draw_string_vec4
    %concat/vec4; draw_string_vec4
    %pushi/vec4 0, 0, 32; draw_string_vec4
    %concat/vec4; draw_string_vec4
    %pushi/vec4 0, 0, 32; draw_string_vec4
    %concat/vec4; draw_string_vec4
    %pushi/vec4 0, 0, 32; draw_string_vec4
    %concat/vec4; draw_string_vec4
    %pushi/vec4 0, 0, 32; draw_string_vec4
    %concat/vec4; draw_string_vec4
    %pushi/vec4 0, 0, 32; draw_string_vec4
    %concat/vec4; draw_string_vec4
    %pushi/vec4 0, 0, 32; draw_string_vec4
    %concat/vec4; draw_string_vec4
    %pushi/vec4 0, 0, 32; draw_string_vec4
    %concat/vec4; draw_string_vec4
    %pushi/vec4 0, 0, 32; draw_string_vec4
    %concat/vec4; draw_string_vec4
    %pushi/vec4 0, 0, 32; draw_string_vec4
    %concat/vec4; draw_string_vec4
    %pushi/vec4 110, 0, 32; draw_string_vec4
    %concat/vec4; draw_string_vec4
    %pushi/vec4 1869770081, 0, 32; draw_string_vec4
    %concat/vec4; draw_string_vec4
    %pushi/vec4 1814064495, 0, 32; draw_string_vec4
    %concat/vec4; draw_string_vec4
    %pushi/vec4 1684349042, 0, 32; draw_string_vec4
    %concat/vec4; draw_string_vec4
    %pushi/vec4 1702131058, 0, 32; draw_string_vec4
    %concat/vec4; draw_string_vec4
    %pushi/vec4 1853038708, 0, 32; draw_string_vec4
    %concat/vec4; draw_string_vec4
    %pushi/vec4 1864396129, 0, 32; draw_string_vec4
    %concat/vec4; draw_string_vec4
    %pushi/vec4 1768824935, 0, 32; draw_string_vec4
    %concat/vec4; draw_string_vec4
    %pushi/vec4 1919247726, 0, 32; draw_string_vec4
    %concat/vec4; draw_string_vec4
    %store/vec4 v0000022320d4c9c0_0, 0, 1024;
    %fork TD_tb_smart_school_zone_controller.expect_lights, S_0000022320d04700;
    %join;
    %vpi_call 2 128 "$display", "=== Scenario 3: School mode timing ===" {0 0 0};
    %pushi/vec4 1, 0, 1;
    %store/vec4 v0000022320dbccc0_0, 0, 1;
    %fork TD_tb_smart_school_zone_controller.wait_tick, S_0000022320cd2720;
    %join;
    %pushi/vec4 1, 0, 3;
    %store/vec4 v0000022320d4c7e0_0, 0, 3;
    %pushi/vec4 4, 0, 3;
    %store/vec4 v0000022320d4c880_0, 0, 3;
    %pushi/vec4 0, 0, 1;
    %store/vec4 v0000022320d4c920_0, 0, 1;
    %pushi/vec4 0, 0, 4;
    %store/vec4 v0000022320d41930_0, 0, 4;
    %pushi/vec4 0, 0, 32; draw_string_vec4
    %pushi/vec4 0, 0, 32; draw_string_vec4
    %concat/vec4; draw_string_vec4
    %pushi/vec4 0, 0, 32; draw_string_vec4
    %concat/vec4; draw_string_vec4
    %pushi/vec4 0, 0, 32; draw_string_vec4
    %concat/vec4; draw_string_vec4
    %pushi/vec4 0, 0, 32; draw_string_vec4
    %concat/vec4; draw_string_vec4
    %pushi/vec4 0, 0, 32; draw_string_vec4
    %concat/vec4; draw_string_vec4
    %pushi/vec4 0, 0, 32; draw_string_vec4
    %concat/vec4; draw_string_vec4
    %pushi/vec4 0, 0, 32; draw_string_vec4
    %concat/vec4; draw_string_vec4
    %pushi/vec4 0, 0, 32; draw_string_vec4
    %concat/vec4; draw_string_vec4
    %pushi/vec4 0, 0, 32; draw_string_vec4
    %concat/vec4; draw_string_vec4
    %pushi/vec4 0, 0, 32; draw_string_vec4
    %concat/vec4; draw_string_vec4
    %pushi/vec4 0, 0, 32; draw_string_vec4
    %concat/vec4; draw_string_vec4
    %pushi/vec4 0, 0, 32; draw_string_vec4
    %concat/vec4; draw_string_vec4
    %pushi/vec4 0, 0, 32; draw_string_vec4
    %concat/vec4; draw_string_vec4
    %pushi/vec4 0, 0, 32; draw_string_vec4
    %concat/vec4; draw_string_vec4
    %pushi/vec4 0, 0, 32; draw_string_vec4
    %concat/vec4; draw_string_vec4
    %pushi/vec4 0, 0, 32; draw_string_vec4
    %concat/vec4; draw_string_vec4
    %pushi/vec4 0, 0, 32; draw_string_vec4
    %concat/vec4; draw_string_vec4
    %pushi/vec4 0, 0, 32; draw_string_vec4
    %concat/vec4; draw_string_vec4
    %pushi/vec4 0, 0, 32; draw_string_vec4
    %concat/vec4; draw_string_vec4
    %pushi/vec4 0, 0, 32; draw_string_vec4
    %concat/vec4; draw_string_vec4
    %pushi/vec4 0, 0, 32; draw_string_vec4
    %concat/vec4; draw_string_vec4
    %pushi/vec4 0, 0, 32; draw_string_vec4
    %concat/vec4; draw_string_vec4
    %pushi/vec4 0, 0, 32; draw_string_vec4
    %concat/vec4; draw_string_vec4
    %pushi/vec4 1935894639, 0, 32; draw_string_vec4
    %concat/vec4; draw_string_vec4
    %pushi/vec4 1869357165, 0, 32; draw_string_vec4
    %concat/vec4; draw_string_vec4
    %pushi/vec4 1868850464, 0, 32; draw_string_vec4
    %concat/vec4; draw_string_vec4
    %pushi/vec4 1835100526, 0, 32; draw_string_vec4
    %concat/vec4; draw_string_vec4
    %pushi/vec4 543650405, 0, 32; draw_string_vec4
    %concat/vec4; draw_string_vec4
    %pushi/vec4 1701716073, 0, 32; draw_string_vec4
    %concat/vec4; draw_string_vec4
    %pushi/vec4 1931501923, 0, 32; draw_string_vec4
    %concat/vec4; draw_string_vec4
    %pushi/vec4 1953068645, 0, 32; draw_string_vec4
    %concat/vec4; draw_string_vec4
    %store/vec4 v0000022320d4c9c0_0, 0, 1024;
    %fork TD_tb_smart_school_zone_controller.expect_lights, S_0000022320d04700;
    %join;
    %pushi/vec4 7, 0, 32;
    %store/vec4 v0000022320dfd750_0, 0, 32;
    %fork TD_tb_smart_school_zone_controller.wait_ticks, S_0000022320cd28b0;
    %join;
    %pushi/vec4 2, 0, 3;
    %store/vec4 v0000022320d4c7e0_0, 0, 3;
    %pushi/vec4 4, 0, 3;
    %store/vec4 v0000022320d4c880_0, 0, 3;
    %pushi/vec4 0, 0, 1;
    %store/vec4 v0000022320d4c920_0, 0, 1;
    %pushi/vec4 0, 0, 4;
    %store/vec4 v0000022320d41930_0, 0, 4;
    %pushi/vec4 0, 0, 32; draw_string_vec4
    %pushi/vec4 0, 0, 32; draw_string_vec4
    %concat/vec4; draw_string_vec4
    %pushi/vec4 0, 0, 32; draw_string_vec4
    %concat/vec4; draw_string_vec4
    %pushi/vec4 0, 0, 32; draw_string_vec4
    %concat/vec4; draw_string_vec4
    %pushi/vec4 0, 0, 32; draw_string_vec4
    %concat/vec4; draw_string_vec4
    %pushi/vec4 0, 0, 32; draw_string_vec4
    %concat/vec4; draw_string_vec4
    %pushi/vec4 0, 0, 32; draw_string_vec4
    %concat/vec4; draw_string_vec4
    %pushi/vec4 0, 0, 32; draw_string_vec4
    %concat/vec4; draw_string_vec4
    %pushi/vec4 0, 0, 32; draw_string_vec4
    %concat/vec4; draw_string_vec4
    %pushi/vec4 0, 0, 32; draw_string_vec4
    %concat/vec4; draw_string_vec4
    %pushi/vec4 0, 0, 32; draw_string_vec4
    %concat/vec4; draw_string_vec4
    %pushi/vec4 0, 0, 32; draw_string_vec4
    %concat/vec4; draw_string_vec4
    %pushi/vec4 0, 0, 32; draw_string_vec4
    %concat/vec4; draw_string_vec4
    %pushi/vec4 0, 0, 32; draw_string_vec4
    %concat/vec4; draw_string_vec4
    %pushi/vec4 0, 0, 32; draw_string_vec4
    %concat/vec4; draw_string_vec4
    %pushi/vec4 0, 0, 32; draw_string_vec4
    %concat/vec4; draw_string_vec4
    %pushi/vec4 0, 0, 32; draw_string_vec4
    %concat/vec4; draw_string_vec4
    %pushi/vec4 0, 0, 32; draw_string_vec4
    %concat/vec4; draw_string_vec4
    %pushi/vec4 0, 0, 32; draw_string_vec4
    %concat/vec4; draw_string_vec4
    %pushi/vec4 0, 0, 32; draw_string_vec4
    %concat/vec4; draw_string_vec4
    %pushi/vec4 0, 0, 32; draw_string_vec4
    %concat/vec4; draw_string_vec4
    %pushi/vec4 29539, 0, 32; draw_string_vec4
    %concat/vec4; draw_string_vec4
    %pushi/vec4 1752133484, 0, 32; draw_string_vec4
    %concat/vec4; draw_string_vec4
    %pushi/vec4 544042852, 0, 32; draw_string_vec4
    %concat/vec4; draw_string_vec4
    %pushi/vec4 1696625512, 0, 32; draw_string_vec4
    %concat/vec4; draw_string_vec4
    %pushi/vec4 1869771877, 0, 32; draw_string_vec4
    %concat/vec4; draw_string_vec4
    %pushi/vec4 1853038701, 0, 32; draw_string_vec4
    %concat/vec4; draw_string_vec4
    %pushi/vec4 1634299424, 0, 32; draw_string_vec4
    %concat/vec4; draw_string_vec4
    %pushi/vec4 1735550309, 0, 32; draw_string_vec4
    %concat/vec4; draw_string_vec4
    %pushi/vec4 1847620719, 0, 32; draw_string_vec4
    %concat/vec4; draw_string_vec4
    %pushi/vec4 540549236, 0, 32; draw_string_vec4
    %concat/vec4; draw_string_vec4
    %pushi/vec4 1768123251, 0, 32; draw_string_vec4
    %concat/vec4; draw_string_vec4
    %store/vec4 v0000022320d4c9c0_0, 0, 1024;
    %fork TD_tb_smart_school_zone_controller.expect_lights, S_0000022320d04700;
    %join;
    %pushi/vec4 3, 0, 32;
    %store/vec4 v0000022320dfd750_0, 0, 32;
    %fork TD_tb_smart_school_zone_controller.wait_ticks, S_0000022320cd28b0;
    %join;
    %pushi/vec4 4, 0, 3;
    %store/vec4 v0000022320d4c7e0_0, 0, 3;
    %pushi/vec4 1, 0, 3;
    %store/vec4 v0000022320d4c880_0, 0, 3;
    %pushi/vec4 0, 0, 1;
    %store/vec4 v0000022320d4c920_0, 0, 1;
    %pushi/vec4 0, 0, 4;
    %store/vec4 v0000022320d41930_0, 0, 4;
    %pushi/vec4 0, 0, 32; draw_string_vec4
    %pushi/vec4 0, 0, 32; draw_string_vec4
    %concat/vec4; draw_string_vec4
    %pushi/vec4 0, 0, 32; draw_string_vec4
    %concat/vec4; draw_string_vec4
    %pushi/vec4 0, 0, 32; draw_string_vec4
    %concat/vec4; draw_string_vec4
    %pushi/vec4 0, 0, 32; draw_string_vec4
    %concat/vec4; draw_string_vec4
    %pushi/vec4 0, 0, 32; draw_string_vec4
    %concat/vec4; draw_string_vec4
    %pushi/vec4 0, 0, 32; draw_string_vec4
    %concat/vec4; draw_string_vec4
    %pushi/vec4 0, 0, 32; draw_string_vec4
    %concat/vec4; draw_string_vec4
    %pushi/vec4 0, 0, 32; draw_string_vec4
    %concat/vec4; draw_string_vec4
    %pushi/vec4 0, 0, 32; draw_string_vec4
    %concat/vec4; draw_string_vec4
    %pushi/vec4 0, 0, 32; draw_string_vec4
    %concat/vec4; draw_string_vec4
    %pushi/vec4 0, 0, 32; draw_string_vec4
    %concat/vec4; draw_string_vec4
    %pushi/vec4 0, 0, 32; draw_string_vec4
    %concat/vec4; draw_string_vec4
    %pushi/vec4 0, 0, 32; draw_string_vec4
    %concat/vec4; draw_string_vec4
    %pushi/vec4 0, 0, 32; draw_string_vec4
    %concat/vec4; draw_string_vec4
    %pushi/vec4 0, 0, 32; draw_string_vec4
    %concat/vec4; draw_string_vec4
    %pushi/vec4 0, 0, 32; draw_string_vec4
    %concat/vec4; draw_string_vec4
    %pushi/vec4 0, 0, 32; draw_string_vec4
    %concat/vec4; draw_string_vec4
    %pushi/vec4 0, 0, 32; draw_string_vec4
    %concat/vec4; draw_string_vec4
    %pushi/vec4 0, 0, 32; draw_string_vec4
    %concat/vec4; draw_string_vec4
    %pushi/vec4 0, 0, 32; draw_string_vec4
    %concat/vec4; draw_string_vec4
    %pushi/vec4 0, 0, 32; draw_string_vec4
    %concat/vec4; draw_string_vec4
    %pushi/vec4 0, 0, 32; draw_string_vec4
    %concat/vec4; draw_string_vec4
    %pushi/vec4 0, 0, 32; draw_string_vec4
    %concat/vec4; draw_string_vec4
    %pushi/vec4 115, 0, 32; draw_string_vec4
    %concat/vec4; draw_string_vec4
    %pushi/vec4 1667788655, 0, 32; draw_string_vec4
    %concat/vec4; draw_string_vec4
    %pushi/vec4 1814064495, 0, 32; draw_string_vec4
    %concat/vec4; draw_string_vec4
    %pushi/vec4 1684349029, 0, 32; draw_string_vec4
    %concat/vec4; draw_string_vec4
    %pushi/vec4 1853121906, 0, 32; draw_string_vec4
    %concat/vec4; draw_string_vec4
    %pushi/vec4 1931506537, 0, 32; draw_string_vec4
    %concat/vec4; draw_string_vec4
    %pushi/vec4 1684349031, 0, 32; draw_string_vec4
    %concat/vec4; draw_string_vec4
    %pushi/vec4 1919247726, 0, 32; draw_string_vec4
    %concat/vec4; draw_string_vec4
    %store/vec4 v0000022320d4c9c0_0, 0, 1024;
    %fork TD_tb_smart_school_zone_controller.expect_lights, S_0000022320d04700;
    %join;
    %pushi/vec4 10, 0, 32;
    %store/vec4 v0000022320dfd750_0, 0, 32;
    %fork TD_tb_smart_school_zone_controller.wait_ticks, S_0000022320cd28b0;
    %join;
    %pushi/vec4 4, 0, 3;
    %store/vec4 v0000022320d4c7e0_0, 0, 3;
    %pushi/vec4 2, 0, 3;
    %store/vec4 v0000022320d4c880_0, 0, 3;
    %pushi/vec4 0, 0, 1;
    %store/vec4 v0000022320d4c920_0, 0, 1;
    %pushi/vec4 0, 0, 4;
    %store/vec4 v0000022320d41930_0, 0, 4;
    %pushi/vec4 0, 0, 32; draw_string_vec4
    %pushi/vec4 0, 0, 32; draw_string_vec4
    %concat/vec4; draw_string_vec4
    %pushi/vec4 0, 0, 32; draw_string_vec4
    %concat/vec4; draw_string_vec4
    %pushi/vec4 0, 0, 32; draw_string_vec4
    %concat/vec4; draw_string_vec4
    %pushi/vec4 0, 0, 32; draw_string_vec4
    %concat/vec4; draw_string_vec4
    %pushi/vec4 0, 0, 32; draw_string_vec4
    %concat/vec4; draw_string_vec4
    %pushi/vec4 0, 0, 32; draw_string_vec4
    %concat/vec4; draw_string_vec4
    %pushi/vec4 0, 0, 32; draw_string_vec4
    %concat/vec4; draw_string_vec4
    %pushi/vec4 0, 0, 32; draw_string_vec4
    %concat/vec4; draw_string_vec4
    %pushi/vec4 0, 0, 32; draw_string_vec4
    %concat/vec4; draw_string_vec4
    %pushi/vec4 0, 0, 32; draw_string_vec4
    %concat/vec4; draw_string_vec4
    %pushi/vec4 0, 0, 32; draw_string_vec4
    %concat/vec4; draw_string_vec4
    %pushi/vec4 0, 0, 32; draw_string_vec4
    %concat/vec4; draw_string_vec4
    %pushi/vec4 0, 0, 32; draw_string_vec4
    %concat/vec4; draw_string_vec4
    %pushi/vec4 0, 0, 32; draw_string_vec4
    %concat/vec4; draw_string_vec4
    %pushi/vec4 0, 0, 32; draw_string_vec4
    %concat/vec4; draw_string_vec4
    %pushi/vec4 0, 0, 32; draw_string_vec4
    %concat/vec4; draw_string_vec4
    %pushi/vec4 0, 0, 32; draw_string_vec4
    %concat/vec4; draw_string_vec4
    %pushi/vec4 0, 0, 32; draw_string_vec4
    %concat/vec4; draw_string_vec4
    %pushi/vec4 0, 0, 32; draw_string_vec4
    %concat/vec4; draw_string_vec4
    %pushi/vec4 0, 0, 32; draw_string_vec4
    %concat/vec4; draw_string_vec4
    %pushi/vec4 29539, 0, 32; draw_string_vec4
    %concat/vec4; draw_string_vec4
    %pushi/vec4 1752133484, 0, 32; draw_string_vec4
    %concat/vec4; draw_string_vec4
    %pushi/vec4 544042852, 0, 32; draw_string_vec4
    %concat/vec4; draw_string_vec4
    %pushi/vec4 1696621944, 0, 32; draw_string_vec4
    %concat/vec4; draw_string_vec4
    %pushi/vec4 1952804452, 0, 32; draw_string_vec4
    %concat/vec4; draw_string_vec4
    %pushi/vec4 1931506537, 0, 32; draw_string_vec4
    %concat/vec4; draw_string_vec4
    %pushi/vec4 1684349031, 0, 32; draw_string_vec4
    %concat/vec4; draw_string_vec4
    %pushi/vec4 1919247726, 0, 32; draw_string_vec4
    %concat/vec4; draw_string_vec4
    %pushi/vec4 544501536, 0, 32; draw_string_vec4
    %concat/vec4; draw_string_vec4
    %pushi/vec4 825237620, 0, 32; draw_string_vec4
    %concat/vec4; draw_string_vec4
    %pushi/vec4 1768123251, 0, 32; draw_string_vec4
    %concat/vec4; draw_string_vec4
    %store/vec4 v0000022320d4c9c0_0, 0, 1024;
    %fork TD_tb_smart_school_zone_controller.expect_lights, S_0000022320d04700;
    %join;
    %pushi/vec4 3, 0, 32;
    %store/vec4 v0000022320dfd750_0, 0, 32;
    %fork TD_tb_smart_school_zone_controller.wait_ticks, S_0000022320cd28b0;
    %join;
    %pushi/vec4 1, 0, 3;
    %store/vec4 v0000022320d4c7e0_0, 0, 3;
    %pushi/vec4 4, 0, 3;
    %store/vec4 v0000022320d4c880_0, 0, 3;
    %pushi/vec4 0, 0, 1;
    %store/vec4 v0000022320d4c920_0, 0, 1;
    %pushi/vec4 0, 0, 4;
    %store/vec4 v0000022320d41930_0, 0, 4;
    %pushi/vec4 0, 0, 32; draw_string_vec4
    %pushi/vec4 0, 0, 32; draw_string_vec4
    %concat/vec4; draw_string_vec4
    %pushi/vec4 0, 0, 32; draw_string_vec4
    %concat/vec4; draw_string_vec4
    %pushi/vec4 0, 0, 32; draw_string_vec4
    %concat/vec4; draw_string_vec4
    %pushi/vec4 0, 0, 32; draw_string_vec4
    %concat/vec4; draw_string_vec4
    %pushi/vec4 0, 0, 32; draw_string_vec4
    %concat/vec4; draw_string_vec4
    %pushi/vec4 0, 0, 32; draw_string_vec4
    %concat/vec4; draw_string_vec4
    %pushi/vec4 0, 0, 32; draw_string_vec4
    %concat/vec4; draw_string_vec4
    %pushi/vec4 0, 0, 32; draw_string_vec4
    %concat/vec4; draw_string_vec4
    %pushi/vec4 0, 0, 32; draw_string_vec4
    %concat/vec4; draw_string_vec4
    %pushi/vec4 0, 0, 32; draw_string_vec4
    %concat/vec4; draw_string_vec4
    %pushi/vec4 0, 0, 32; draw_string_vec4
    %concat/vec4; draw_string_vec4
    %pushi/vec4 0, 0, 32; draw_string_vec4
    %concat/vec4; draw_string_vec4
    %pushi/vec4 0, 0, 32; draw_string_vec4
    %concat/vec4; draw_string_vec4
    %pushi/vec4 0, 0, 32; draw_string_vec4
    %concat/vec4; draw_string_vec4
    %pushi/vec4 0, 0, 32; draw_string_vec4
    %concat/vec4; draw_string_vec4
    %pushi/vec4 0, 0, 32; draw_string_vec4
    %concat/vec4; draw_string_vec4
    %pushi/vec4 0, 0, 32; draw_string_vec4
    %concat/vec4; draw_string_vec4
    %pushi/vec4 0, 0, 32; draw_string_vec4
    %concat/vec4; draw_string_vec4
    %pushi/vec4 0, 0, 32; draw_string_vec4
    %concat/vec4; draw_string_vec4
    %pushi/vec4 0, 0, 32; draw_string_vec4
    %concat/vec4; draw_string_vec4
    %pushi/vec4 0, 0, 32; draw_string_vec4
    %concat/vec4; draw_string_vec4
    %pushi/vec4 7562088, 0, 32; draw_string_vec4
    %concat/vec4; draw_string_vec4
    %pushi/vec4 1869573152, 0, 32; draw_string_vec4
    %concat/vec4; draw_string_vec4
    %pushi/vec4 1836016741, 0, 32; draw_string_vec4
    %concat/vec4; draw_string_vec4
    %pushi/vec4 543390051, 0, 32; draw_string_vec4
    %concat/vec4; draw_string_vec4
    %pushi/vec4 1818566770, 0, 32; draw_string_vec4
    %concat/vec4; draw_string_vec4
    %pushi/vec4 1702131058, 0, 32; draw_string_vec4
    %concat/vec4; draw_string_vec4
    %pushi/vec4 1853038708, 0, 32; draw_string_vec4
    %concat/vec4; draw_string_vec4
    %pushi/vec4 1864396129, 0, 32; draw_string_vec4
    %concat/vec4; draw_string_vec4
    %pushi/vec4 1768824935, 0, 32; draw_string_vec4
    %concat/vec4; draw_string_vec4
    %pushi/vec4 1919247726, 0, 32; draw_string_vec4
    %concat/vec4; draw_string_vec4
    %store/vec4 v0000022320d4c9c0_0, 0, 1024;
    %fork TD_tb_smart_school_zone_controller.expect_lights, S_0000022320d04700;
    %join;
    %vpi_call 2 141 "$display", "=== Scenario 4: Flashing yellow mode ===" {0 0 0};
    %pushi/vec4 0, 0, 1;
    %store/vec4 v0000022320dbccc0_0, 0, 1;
    %pushi/vec4 1, 0, 1;
    %store/vec4 v0000022320dfd390_0, 0, 1;
    %fork TD_tb_smart_school_zone_controller.wait_tick, S_0000022320cd2720;
    %join;
    %load/vec4 v0000022320dbc220_0;
    %pushi/vec4 4, 0, 3;
    %cmp/e;
    %flag_get/vec4 4;
    %store/vec4 v0000022320d40470_0, 0, 1;
    %pushi/vec4 0, 0, 32; draw_string_vec4
    %pushi/vec4 0, 0, 32; draw_string_vec4
    %concat/vec4; draw_string_vec4
    %pushi/vec4 0, 0, 32; draw_string_vec4
    %concat/vec4; draw_string_vec4
    %pushi/vec4 0, 0, 32; draw_string_vec4
    %concat/vec4; draw_string_vec4
    %pushi/vec4 0, 0, 32; draw_string_vec4
    %concat/vec4; draw_string_vec4
    %pushi/vec4 0, 0, 32; draw_string_vec4
    %concat/vec4; draw_string_vec4
    %pushi/vec4 0, 0, 32; draw_string_vec4
    %concat/vec4; draw_string_vec4
    %pushi/vec4 0, 0, 32; draw_string_vec4
    %concat/vec4; draw_string_vec4
    %pushi/vec4 0, 0, 32; draw_string_vec4
    %concat/vec4; draw_string_vec4
    %pushi/vec4 0, 0, 32; draw_string_vec4
    %concat/vec4; draw_string_vec4
    %pushi/vec4 0, 0, 32; draw_string_vec4
    %concat/vec4; draw_string_vec4
    %pushi/vec4 0, 0, 32; draw_string_vec4
    %concat/vec4; draw_string_vec4
    %pushi/vec4 0, 0, 32; draw_string_vec4
    %concat/vec4; draw_string_vec4
    %pushi/vec4 0, 0, 32; draw_string_vec4
    %concat/vec4; draw_string_vec4
    %pushi/vec4 0, 0, 32; draw_string_vec4
    %concat/vec4; draw_string_vec4
    %pushi/vec4 0, 0, 32; draw_string_vec4
    %concat/vec4; draw_string_vec4
    %pushi/vec4 0, 0, 32; draw_string_vec4
    %concat/vec4; draw_string_vec4
    %pushi/vec4 0, 0, 32; draw_string_vec4
    %concat/vec4; draw_string_vec4
    %pushi/vec4 0, 0, 32; draw_string_vec4
    %concat/vec4; draw_string_vec4
    %pushi/vec4 0, 0, 32; draw_string_vec4
    %concat/vec4; draw_string_vec4
    %pushi/vec4 0, 0, 32; draw_string_vec4
    %concat/vec4; draw_string_vec4
    %pushi/vec4 0, 0, 32; draw_string_vec4
    %concat/vec4; draw_string_vec4
    %pushi/vec4 0, 0, 32; draw_string_vec4
    %concat/vec4; draw_string_vec4
    %pushi/vec4 102, 0, 32; draw_string_vec4
    %concat/vec4; draw_string_vec4
    %pushi/vec4 1818325864, 0, 32; draw_string_vec4
    %concat/vec4; draw_string_vec4
    %pushi/vec4 1768843040, 0, 32; draw_string_vec4
    %concat/vec4; draw_string_vec4
    %pushi/vec4 1836016741, 0, 32; draw_string_vec4
    %concat/vec4; draw_string_vec4
    %pushi/vec4 543909221, 0, 32; draw_string_vec4
    %concat/vec4; draw_string_vec4
    %pushi/vec4 1886593139, 0, 32; draw_string_vec4
    %concat/vec4; draw_string_vec4
    %pushi/vec4 1768187168, 0, 32; draw_string_vec4
    %concat/vec4; draw_string_vec4
    %pushi/vec4 1919902052, 0, 32; draw_string_vec4
    %concat/vec4; draw_string_vec4
    %pushi/vec4 544367972, 0, 32; draw_string_vec4
    %concat/vec4; draw_string_vec4
    %store/vec4 v0000022320cd2d60_0, 0, 1024;
    %fork TD_tb_smart_school_zone_controller.check, S_0000022320d402e0;
    %join;
    %load/vec4 v0000022320dbcfe0_0;
    %cmpi/e 2, 0, 3;
    %flag_get/vec4 4;
    %jmp/1 T_9.0, 4;
    %load/vec4 v0000022320dbcfe0_0;
    %pushi/vec4 0, 0, 3;
    %cmp/e;
    %flag_get/vec4 4;
    %or;
T_9.0;
    %store/vec4 v0000022320d40470_0, 0, 1;
    %pushi/vec4 0, 0, 32; draw_string_vec4
    %pushi/vec4 0, 0, 32; draw_string_vec4
    %concat/vec4; draw_string_vec4
    %pushi/vec4 0, 0, 32; draw_string_vec4
    %concat/vec4; draw_string_vec4
    %pushi/vec4 0, 0, 32; draw_string_vec4
    %concat/vec4; draw_string_vec4
    %pushi/vec4 0, 0, 32; draw_string_vec4
    %concat/vec4; draw_string_vec4
    %pushi/vec4 0, 0, 32; draw_string_vec4
    %concat/vec4; draw_string_vec4
    %pushi/vec4 0, 0, 32; draw_string_vec4
    %concat/vec4; draw_string_vec4
    %pushi/vec4 0, 0, 32; draw_string_vec4
    %concat/vec4; draw_string_vec4
    %pushi/vec4 0, 0, 32; draw_string_vec4
    %concat/vec4; draw_string_vec4
    %pushi/vec4 0, 0, 32; draw_string_vec4
    %concat/vec4; draw_string_vec4
    %pushi/vec4 0, 0, 32; draw_string_vec4
    %concat/vec4; draw_string_vec4
    %pushi/vec4 0, 0, 32; draw_string_vec4
    %concat/vec4; draw_string_vec4
    %pushi/vec4 0, 0, 32; draw_string_vec4
    %concat/vec4; draw_string_vec4
    %pushi/vec4 0, 0, 32; draw_string_vec4
    %concat/vec4; draw_string_vec4
    %pushi/vec4 0, 0, 32; draw_string_vec4
    %concat/vec4; draw_string_vec4
    %pushi/vec4 0, 0, 32; draw_string_vec4
    %concat/vec4; draw_string_vec4
    %pushi/vec4 0, 0, 32; draw_string_vec4
    %concat/vec4; draw_string_vec4
    %pushi/vec4 0, 0, 32; draw_string_vec4
    %concat/vec4; draw_string_vec4
    %pushi/vec4 0, 0, 32; draw_string_vec4
    %concat/vec4; draw_string_vec4
    %pushi/vec4 0, 0, 32; draw_string_vec4
    %concat/vec4; draw_string_vec4
    %pushi/vec4 0, 0, 32; draw_string_vec4
    %concat/vec4; draw_string_vec4
    %pushi/vec4 102, 0, 32; draw_string_vec4
    %concat/vec4; draw_string_vec4
    %pushi/vec4 1818325864, 0, 32; draw_string_vec4
    %concat/vec4; draw_string_vec4
    %pushi/vec4 1768843040, 0, 32; draw_string_vec4
    %concat/vec4; draw_string_vec4
    %pushi/vec4 1836016741, 0, 32; draw_string_vec4
    %concat/vec4; draw_string_vec4
    %pushi/vec4 543453801, 0, 32; draw_string_vec4
    %concat/vec4; draw_string_vec4
    %pushi/vec4 1986360096, 0, 32; draw_string_vec4
    %concat/vec4; draw_string_vec4
    %pushi/vec4 1835100526, 0, 32; draw_string_vec4
    %concat/vec4; draw_string_vec4
    %pushi/vec4 544370529, 0, 32; draw_string_vec4
    %concat/vec4; draw_string_vec4
    %pushi/vec4 1679849829, 0, 32; draw_string_vec4
    %concat/vec4; draw_string_vec4
    %pushi/vec4 1819045751, 0, 32; draw_string_vec4
    %concat/vec4; draw_string_vec4
    %pushi/vec4 795829862, 0, 32; draw_string_vec4
    %concat/vec4; draw_string_vec4
    %store/vec4 v0000022320cd2d60_0, 0, 1024;
    %fork TD_tb_smart_school_zone_controller.check, S_0000022320d402e0;
    %join;
    %fork TD_tb_smart_school_zone_controller.wait_tick, S_0000022320cd2720;
    %join;
    %load/vec4 v0000022320dbc220_0;
    %pushi/vec4 4, 0, 3;
    %cmp/e;
    %flag_get/vec4 4;
    %store/vec4 v0000022320d40470_0, 0, 1;
    %pushi/vec4 0, 0, 32; draw_string_vec4
    %pushi/vec4 0, 0, 32; draw_string_vec4
    %concat/vec4; draw_string_vec4
    %pushi/vec4 0, 0, 32; draw_string_vec4
    %concat/vec4; draw_string_vec4
    %pushi/vec4 0, 0, 32; draw_string_vec4
    %concat/vec4; draw_string_vec4
    %pushi/vec4 0, 0, 32; draw_string_vec4
    %concat/vec4; draw_string_vec4
    %pushi/vec4 0, 0, 32; draw_string_vec4
    %concat/vec4; draw_string_vec4
    %pushi/vec4 0, 0, 32; draw_string_vec4
    %concat/vec4; draw_string_vec4
    %pushi/vec4 0, 0, 32; draw_string_vec4
    %concat/vec4; draw_string_vec4
    %pushi/vec4 0, 0, 32; draw_string_vec4
    %concat/vec4; draw_string_vec4
    %pushi/vec4 0, 0, 32; draw_string_vec4
    %concat/vec4; draw_string_vec4
    %pushi/vec4 0, 0, 32; draw_string_vec4
    %concat/vec4; draw_string_vec4
    %pushi/vec4 0, 0, 32; draw_string_vec4
    %concat/vec4; draw_string_vec4
    %pushi/vec4 0, 0, 32; draw_string_vec4
    %concat/vec4; draw_string_vec4
    %pushi/vec4 0, 0, 32; draw_string_vec4
    %concat/vec4; draw_string_vec4
    %pushi/vec4 0, 0, 32; draw_string_vec4
    %concat/vec4; draw_string_vec4
    %pushi/vec4 0, 0, 32; draw_string_vec4
    %concat/vec4; draw_string_vec4
    %pushi/vec4 0, 0, 32; draw_string_vec4
    %concat/vec4; draw_string_vec4
    %pushi/vec4 0, 0, 32; draw_string_vec4
    %concat/vec4; draw_string_vec4
    %pushi/vec4 0, 0, 32; draw_string_vec4
    %concat/vec4; draw_string_vec4
    %pushi/vec4 0, 0, 32; draw_string_vec4
    %concat/vec4; draw_string_vec4
    %pushi/vec4 102, 0, 32; draw_string_vec4
    %concat/vec4; draw_string_vec4
    %pushi/vec4 1818325864, 0, 32; draw_string_vec4
    %concat/vec4; draw_string_vec4
    %pushi/vec4 1768843040, 0, 32; draw_string_vec4
    %concat/vec4; draw_string_vec4
    %pushi/vec4 1836016741, 0, 32; draw_string_vec4
    %concat/vec4; draw_string_vec4
    %pushi/vec4 543387502, 0, 32; draw_string_vec4
    %concat/vec4; draw_string_vec4
    %pushi/vec4 1953066613, 0, 32; draw_string_vec4
    %concat/vec4; draw_string_vec4
    %pushi/vec4 1702043764, 0, 32; draw_string_vec4
    %concat/vec4; draw_string_vec4
    %pushi/vec4 1864395621, 0, 32; draw_string_vec4
    %concat/vec4; draw_string_vec4
    %pushi/vec4 1701847155, 0, 32; draw_string_vec4
    %concat/vec4; draw_string_vec4
    %pushi/vec4 1768187168, 0, 32; draw_string_vec4
    %concat/vec4; draw_string_vec4
    %pushi/vec4 1919902052, 0, 32; draw_string_vec4
    %concat/vec4; draw_string_vec4
    %pushi/vec4 544367972, 0, 32; draw_string_vec4
    %concat/vec4; draw_string_vec4
    %store/vec4 v0000022320cd2d60_0, 0, 1024;
    %fork TD_tb_smart_school_zone_controller.check, S_0000022320d402e0;
    %join;
    %load/vec4 v0000022320dbcfe0_0;
    %cmpi/e 2, 0, 3;
    %flag_get/vec4 4;
    %jmp/1 T_9.1, 4;
    %load/vec4 v0000022320dbcfe0_0;
    %pushi/vec4 0, 0, 3;
    %cmp/e;
    %flag_get/vec4 4;
    %or;
T_9.1;
    %store/vec4 v0000022320d40470_0, 0, 1;
    %pushi/vec4 0, 0, 32; draw_string_vec4
    %pushi/vec4 0, 0, 32; draw_string_vec4
    %concat/vec4; draw_string_vec4
    %pushi/vec4 0, 0, 32; draw_string_vec4
    %concat/vec4; draw_string_vec4
    %pushi/vec4 0, 0, 32; draw_string_vec4
    %concat/vec4; draw_string_vec4
    %pushi/vec4 0, 0, 32; draw_string_vec4
    %concat/vec4; draw_string_vec4
    %pushi/vec4 0, 0, 32; draw_string_vec4
    %concat/vec4; draw_string_vec4
    %pushi/vec4 0, 0, 32; draw_string_vec4
    %concat/vec4; draw_string_vec4
    %pushi/vec4 0, 0, 32; draw_string_vec4
    %concat/vec4; draw_string_vec4
    %pushi/vec4 0, 0, 32; draw_string_vec4
    %concat/vec4; draw_string_vec4
    %pushi/vec4 0, 0, 32; draw_string_vec4
    %concat/vec4; draw_string_vec4
    %pushi/vec4 0, 0, 32; draw_string_vec4
    %concat/vec4; draw_string_vec4
    %pushi/vec4 0, 0, 32; draw_string_vec4
    %concat/vec4; draw_string_vec4
    %pushi/vec4 0, 0, 32; draw_string_vec4
    %concat/vec4; draw_string_vec4
    %pushi/vec4 0, 0, 32; draw_string_vec4
    %concat/vec4; draw_string_vec4
    %pushi/vec4 0, 0, 32; draw_string_vec4
    %concat/vec4; draw_string_vec4
    %pushi/vec4 0, 0, 32; draw_string_vec4
    %concat/vec4; draw_string_vec4
    %pushi/vec4 0, 0, 32; draw_string_vec4
    %concat/vec4; draw_string_vec4
    %pushi/vec4 0, 0, 32; draw_string_vec4
    %concat/vec4; draw_string_vec4
    %pushi/vec4 0, 0, 32; draw_string_vec4
    %concat/vec4; draw_string_vec4
    %pushi/vec4 0, 0, 32; draw_string_vec4
    %concat/vec4; draw_string_vec4
    %pushi/vec4 0, 0, 32; draw_string_vec4
    %concat/vec4; draw_string_vec4
    %pushi/vec4 6712417, 0, 32; draw_string_vec4
    %concat/vec4; draw_string_vec4
    %pushi/vec4 1936222574, 0, 32; draw_string_vec4
    %concat/vec4; draw_string_vec4
    %pushi/vec4 1730178415, 0, 32; draw_string_vec4
    %concat/vec4; draw_string_vec4
    %pushi/vec4 1684349027, 0, 32; draw_string_vec4
    %concat/vec4; draw_string_vec4
    %pushi/vec4 1869509737, 0, 32; draw_string_vec4
    %concat/vec4; draw_string_vec4
    %pushi/vec4 1853187443, 0, 32; draw_string_vec4
    %concat/vec4; draw_string_vec4
    %pushi/vec4 544826732, 0, 32; draw_string_vec4
    %concat/vec4; draw_string_vec4
    %pushi/vec4 1819244335, 0, 32; draw_string_vec4
    %concat/vec4; draw_string_vec4
    %pushi/vec4 1868981792, 0, 32; draw_string_vec4
    %concat/vec4; draw_string_vec4
    %pushi/vec4 1718378867, 0, 32; draw_string_vec4
    %concat/vec4; draw_string_vec4
    %pushi/vec4 1751740007, 0, 32; draw_string_vec4
    %concat/vec4; draw_string_vec4
    %store/vec4 v0000022320cd2d60_0, 0, 1024;
    %fork TD_tb_smart_school_zone_controller.check, S_0000022320d402e0;
    %join;
    %pushi/vec4 0, 0, 1;
    %store/vec4 v0000022320dfd390_0, 0, 1;
    %fork TD_tb_smart_school_zone_controller.wait_tick, S_0000022320cd2720;
    %join;
    %pushi/vec4 1, 0, 3;
    %store/vec4 v0000022320d4c7e0_0, 0, 3;
    %pushi/vec4 4, 0, 3;
    %store/vec4 v0000022320d4c880_0, 0, 3;
    %pushi/vec4 0, 0, 1;
    %store/vec4 v0000022320d4c920_0, 0, 1;
    %pushi/vec4 0, 0, 4;
    %store/vec4 v0000022320d41930_0, 0, 4;
    %pushi/vec4 0, 0, 32; draw_string_vec4
    %pushi/vec4 0, 0, 32; draw_string_vec4
    %concat/vec4; draw_string_vec4
    %pushi/vec4 0, 0, 32; draw_string_vec4
    %concat/vec4; draw_string_vec4
    %pushi/vec4 0, 0, 32; draw_string_vec4
    %concat/vec4; draw_string_vec4
    %pushi/vec4 0, 0, 32; draw_string_vec4
    %concat/vec4; draw_string_vec4
    %pushi/vec4 0, 0, 32; draw_string_vec4
    %concat/vec4; draw_string_vec4
    %pushi/vec4 0, 0, 32; draw_string_vec4
    %concat/vec4; draw_string_vec4
    %pushi/vec4 0, 0, 32; draw_string_vec4
    %concat/vec4; draw_string_vec4
    %pushi/vec4 0, 0, 32; draw_string_vec4
    %concat/vec4; draw_string_vec4
    %pushi/vec4 0, 0, 32; draw_string_vec4
    %concat/vec4; draw_string_vec4
    %pushi/vec4 0, 0, 32; draw_string_vec4
    %concat/vec4; draw_string_vec4
    %pushi/vec4 0, 0, 32; draw_string_vec4
    %concat/vec4; draw_string_vec4
    %pushi/vec4 0, 0, 32; draw_string_vec4
    %concat/vec4; draw_string_vec4
    %pushi/vec4 0, 0, 32; draw_string_vec4
    %concat/vec4; draw_string_vec4
    %pushi/vec4 0, 0, 32; draw_string_vec4
    %concat/vec4; draw_string_vec4
    %pushi/vec4 0, 0, 32; draw_string_vec4
    %concat/vec4; draw_string_vec4
    %pushi/vec4 0, 0, 32; draw_string_vec4
    %concat/vec4; draw_string_vec4
    %pushi/vec4 0, 0, 32; draw_string_vec4
    %concat/vec4; draw_string_vec4
    %pushi/vec4 0, 0, 32; draw_string_vec4
    %concat/vec4; draw_string_vec4
    %pushi/vec4 0, 0, 32; draw_string_vec4
    %concat/vec4; draw_string_vec4
    %pushi/vec4 1818583414, 0, 32; draw_string_vec4
    %concat/vec4; draw_string_vec4
    %pushi/vec4 1768843040, 0, 32; draw_string_vec4
    %concat/vec4; draw_string_vec4
    %pushi/vec4 1718378867, 0, 32; draw_string_vec4
    %concat/vec4; draw_string_vec4
    %pushi/vec4 1751740007, 0, 32; draw_string_vec4
    %concat/vec4; draw_string_vec4
    %pushi/vec4 544042852, 0, 32; draw_string_vec4
    %concat/vec4; draw_string_vec4
    %pushi/vec4 1696625253, 0, 32; draw_string_vec4
    %concat/vec4; draw_string_vec4
    %pushi/vec4 1953854062, 0, 32; draw_string_vec4
    %concat/vec4; draw_string_vec4
    %pushi/vec4 1931506799, 0, 32; draw_string_vec4
    %concat/vec4; draw_string_vec4
    %pushi/vec4 544432486, 0, 32; draw_string_vec4
    %concat/vec4; draw_string_vec4
    %pushi/vec4 1696623969, 0, 32; draw_string_vec4
    %concat/vec4; draw_string_vec4
    %pushi/vec4 1768824935, 0, 32; draw_string_vec4
    %concat/vec4; draw_string_vec4
    %pushi/vec4 1919247726, 0, 32; draw_string_vec4
    %concat/vec4; draw_string_vec4
    %store/vec4 v0000022320d4c9c0_0, 0, 1024;
    %fork TD_tb_smart_school_zone_controller.expect_lights, S_0000022320d04700;
    %join;
    %vpi_call 2 154 "$display", "=== Scenario 5: Pedestrian request and walk countdown ===" {0 0 0};
    %pushi/vec4 1, 0, 1;
    %store/vec4 v0000022320dbccc0_0, 0, 1;
    %pushi/vec4 1, 0, 1;
    %store/vec4 v0000022320dbdbc0_0, 0, 1;
    %fork TD_tb_smart_school_zone_controller.wait_tick, S_0000022320cd2720;
    %join;
    %pushi/vec4 0, 0, 1;
    %store/vec4 v0000022320dbdbc0_0, 0, 1;
    %pushi/vec4 7, 0, 32;
    %store/vec4 v0000022320dfd750_0, 0, 32;
    %fork TD_tb_smart_school_zone_controller.wait_ticks, S_0000022320cd28b0;
    %join;
    %pushi/vec4 2, 0, 3;
    %store/vec4 v0000022320d4c7e0_0, 0, 3;
    %pushi/vec4 4, 0, 3;
    %store/vec4 v0000022320d4c880_0, 0, 3;
    %pushi/vec4 0, 0, 1;
    %store/vec4 v0000022320d4c920_0, 0, 1;
    %pushi/vec4 0, 0, 4;
    %store/vec4 v0000022320d41930_0, 0, 4;
    %pushi/vec4 0, 0, 32; draw_string_vec4
    %pushi/vec4 0, 0, 32; draw_string_vec4
    %concat/vec4; draw_string_vec4
    %pushi/vec4 0, 0, 32; draw_string_vec4
    %concat/vec4; draw_string_vec4
    %pushi/vec4 0, 0, 32; draw_string_vec4
    %concat/vec4; draw_string_vec4
    %pushi/vec4 0, 0, 32; draw_string_vec4
    %concat/vec4; draw_string_vec4
    %pushi/vec4 0, 0, 32; draw_string_vec4
    %concat/vec4; draw_string_vec4
    %pushi/vec4 0, 0, 32; draw_string_vec4
    %concat/vec4; draw_string_vec4
    %pushi/vec4 0, 0, 32; draw_string_vec4
    %concat/vec4; draw_string_vec4
    %pushi/vec4 0, 0, 32; draw_string_vec4
    %concat/vec4; draw_string_vec4
    %pushi/vec4 0, 0, 32; draw_string_vec4
    %concat/vec4; draw_string_vec4
    %pushi/vec4 0, 0, 32; draw_string_vec4
    %concat/vec4; draw_string_vec4
    %pushi/vec4 0, 0, 32; draw_string_vec4
    %concat/vec4; draw_string_vec4
    %pushi/vec4 0, 0, 32; draw_string_vec4
    %concat/vec4; draw_string_vec4
    %pushi/vec4 0, 0, 32; draw_string_vec4
    %concat/vec4; draw_string_vec4
    %pushi/vec4 0, 0, 32; draw_string_vec4
    %concat/vec4; draw_string_vec4
    %pushi/vec4 0, 0, 32; draw_string_vec4
    %concat/vec4; draw_string_vec4
    %pushi/vec4 0, 0, 32; draw_string_vec4
    %concat/vec4; draw_string_vec4
    %pushi/vec4 0, 0, 32; draw_string_vec4
    %concat/vec4; draw_string_vec4
    %pushi/vec4 0, 0, 32; draw_string_vec4
    %concat/vec4; draw_string_vec4
    %pushi/vec4 0, 0, 32; draw_string_vec4
    %concat/vec4; draw_string_vec4
    %pushi/vec4 0, 0, 32; draw_string_vec4
    %concat/vec4; draw_string_vec4
    %pushi/vec4 1885693029, 0, 32; draw_string_vec4
    %concat/vec4; draw_string_vec4
    %pushi/vec4 1937011305, 0, 32; draw_string_vec4
    %concat/vec4; draw_string_vec4
    %pushi/vec4 1634607218, 0, 32; draw_string_vec4
    %concat/vec4; draw_string_vec4
    %pushi/vec4 1701934437, 0, 32; draw_string_vec4
    %concat/vec4; draw_string_vec4
    %pushi/vec4 1936990327, 0, 32; draw_string_vec4
    %concat/vec4; draw_string_vec4
    %pushi/vec4 1634301043, 0, 32; draw_string_vec4
    %concat/vec4; draw_string_vec4
    %pushi/vec4 544499826, 0, 32; draw_string_vec4
    %concat/vec4; draw_string_vec4
    %pushi/vec4 1869965160, 0, 32; draw_string_vec4
    %concat/vec4; draw_string_vec4
    %pushi/vec4 544039273, 0, 32; draw_string_vec4
    %concat/vec4; draw_string_vec4
    %pushi/vec4 1847621989, 0, 32; draw_string_vec4
    %concat/vec4; draw_string_vec4
    %pushi/vec4 1819045751, 0, 32; draw_string_vec4
    %concat/vec4; draw_string_vec4
    %store/vec4 v0000022320d4c9c0_0, 0, 1024;
    %fork TD_tb_smart_school_zone_controller.expect_lights, S_0000022320d04700;
    %join;
    %pushi/vec4 3, 0, 32;
    %store/vec4 v0000022320dfd750_0, 0, 32;
    %fork TD_tb_smart_school_zone_controller.wait_ticks, S_0000022320cd28b0;
    %join;
    %pushi/vec4 4, 0, 3;
    %store/vec4 v0000022320d4c7e0_0, 0, 3;
    %pushi/vec4 1, 0, 3;
    %store/vec4 v0000022320d4c880_0, 0, 3;
    %pushi/vec4 0, 0, 1;
    %store/vec4 v0000022320d4c920_0, 0, 1;
    %pushi/vec4 0, 0, 4;
    %store/vec4 v0000022320d41930_0, 0, 4;
    %pushi/vec4 0, 0, 32; draw_string_vec4
    %pushi/vec4 0, 0, 32; draw_string_vec4
    %concat/vec4; draw_string_vec4
    %pushi/vec4 0, 0, 32; draw_string_vec4
    %concat/vec4; draw_string_vec4
    %pushi/vec4 0, 0, 32; draw_string_vec4
    %concat/vec4; draw_string_vec4
    %pushi/vec4 0, 0, 32; draw_string_vec4
    %concat/vec4; draw_string_vec4
    %pushi/vec4 0, 0, 32; draw_string_vec4
    %concat/vec4; draw_string_vec4
    %pushi/vec4 0, 0, 32; draw_string_vec4
    %concat/vec4; draw_string_vec4
    %pushi/vec4 0, 0, 32; draw_string_vec4
    %concat/vec4; draw_string_vec4
    %pushi/vec4 0, 0, 32; draw_string_vec4
    %concat/vec4; draw_string_vec4
    %pushi/vec4 0, 0, 32; draw_string_vec4
    %concat/vec4; draw_string_vec4
    %pushi/vec4 0, 0, 32; draw_string_vec4
    %concat/vec4; draw_string_vec4
    %pushi/vec4 0, 0, 32; draw_string_vec4
    %concat/vec4; draw_string_vec4
    %pushi/vec4 0, 0, 32; draw_string_vec4
    %concat/vec4; draw_string_vec4
    %pushi/vec4 0, 0, 32; draw_string_vec4
    %concat/vec4; draw_string_vec4
    %pushi/vec4 0, 0, 32; draw_string_vec4
    %concat/vec4; draw_string_vec4
    %pushi/vec4 0, 0, 32; draw_string_vec4
    %concat/vec4; draw_string_vec4
    %pushi/vec4 0, 0, 32; draw_string_vec4
    %concat/vec4; draw_string_vec4
    %pushi/vec4 0, 0, 32; draw_string_vec4
    %concat/vec4; draw_string_vec4
    %pushi/vec4 0, 0, 32; draw_string_vec4
    %concat/vec4; draw_string_vec4
    %pushi/vec4 0, 0, 32; draw_string_vec4
    %concat/vec4; draw_string_vec4
    %pushi/vec4 0, 0, 32; draw_string_vec4
    %concat/vec4; draw_string_vec4
    %pushi/vec4 7365988, 0, 32; draw_string_vec4
    %concat/vec4; draw_string_vec4
    %pushi/vec4 1702065266, 0, 32; draw_string_vec4
    %concat/vec4; draw_string_vec4
    %pushi/vec4 1767992864, 0, 32; draw_string_vec4
    %concat/vec4; draw_string_vec4
    %pushi/vec4 1919250805, 0, 32; draw_string_vec4
    %concat/vec4; draw_string_vec4
    %pushi/vec4 1702065184, 0, 32; draw_string_vec4
    %concat/vec4; draw_string_vec4
    %pushi/vec4 2002872692, 0, 32; draw_string_vec4
    %concat/vec4; draw_string_vec4
    %pushi/vec4 1931506792, 0, 32; draw_string_vec4
    %concat/vec4; draw_string_vec4
    %pushi/vec4 1919907175, 0, 32; draw_string_vec4
    %concat/vec4; draw_string_vec4
    %pushi/vec4 1746957161, 0, 32; draw_string_vec4
    %concat/vec4; draw_string_vec4
    %pushi/vec4 1684349031, 0, 32; draw_string_vec4
    %concat/vec4; draw_string_vec4
    %pushi/vec4 1919247726, 0, 32; draw_string_vec4
    %concat/vec4; draw_string_vec4
    %store/vec4 v0000022320d4c9c0_0, 0, 1024;
    %fork TD_tb_smart_school_zone_controller.expect_lights, S_0000022320d04700;
    %join;
    %fork TD_tb_smart_school_zone_controller.wait_for_walk, S_0000022320da4430;
    %join;
    %pushi/vec4 4, 0, 3;
    %store/vec4 v0000022320d4c7e0_0, 0, 3;
    %pushi/vec4 4, 0, 3;
    %store/vec4 v0000022320d4c880_0, 0, 3;
    %pushi/vec4 1, 0, 1;
    %store/vec4 v0000022320d4c920_0, 0, 1;
    %pushi/vec4 8, 0, 4;
    %store/vec4 v0000022320d41930_0, 0, 4;
    %pushi/vec4 0, 0, 32; draw_string_vec4
    %pushi/vec4 0, 0, 32; draw_string_vec4
    %concat/vec4; draw_string_vec4
    %pushi/vec4 0, 0, 32; draw_string_vec4
    %concat/vec4; draw_string_vec4
    %pushi/vec4 0, 0, 32; draw_string_vec4
    %concat/vec4; draw_string_vec4
    %pushi/vec4 0, 0, 32; draw_string_vec4
    %concat/vec4; draw_string_vec4
    %pushi/vec4 0, 0, 32; draw_string_vec4
    %concat/vec4; draw_string_vec4
    %pushi/vec4 0, 0, 32; draw_string_vec4
    %concat/vec4; draw_string_vec4
    %pushi/vec4 0, 0, 32; draw_string_vec4
    %concat/vec4; draw_string_vec4
    %pushi/vec4 0, 0, 32; draw_string_vec4
    %concat/vec4; draw_string_vec4
    %pushi/vec4 0, 0, 32; draw_string_vec4
    %concat/vec4; draw_string_vec4
    %pushi/vec4 0, 0, 32; draw_string_vec4
    %concat/vec4; draw_string_vec4
    %pushi/vec4 0, 0, 32; draw_string_vec4
    %concat/vec4; draw_string_vec4
    %pushi/vec4 0, 0, 32; draw_string_vec4
    %concat/vec4; draw_string_vec4
    %pushi/vec4 0, 0, 32; draw_string_vec4
    %concat/vec4; draw_string_vec4
    %pushi/vec4 0, 0, 32; draw_string_vec4
    %concat/vec4; draw_string_vec4
    %pushi/vec4 0, 0, 32; draw_string_vec4
    %concat/vec4; draw_string_vec4
    %pushi/vec4 0, 0, 32; draw_string_vec4
    %concat/vec4; draw_string_vec4
    %pushi/vec4 0, 0, 32; draw_string_vec4
    %concat/vec4; draw_string_vec4
    %pushi/vec4 0, 0, 32; draw_string_vec4
    %concat/vec4; draw_string_vec4
    %pushi/vec4 0, 0, 32; draw_string_vec4
    %concat/vec4; draw_string_vec4
    %pushi/vec4 0, 0, 32; draw_string_vec4
    %concat/vec4; draw_string_vec4
    %pushi/vec4 0, 0, 32; draw_string_vec4
    %concat/vec4; draw_string_vec4
    %pushi/vec4 0, 0, 32; draw_string_vec4
    %concat/vec4; draw_string_vec4
    %pushi/vec4 7562088, 0, 32; draw_string_vec4
    %concat/vec4; draw_string_vec4
    %pushi/vec4 1869573152, 0, 32; draw_string_vec4
    %concat/vec4; draw_string_vec4
    %pushi/vec4 2002873451, 0, 32; draw_string_vec4
    %concat/vec4; draw_string_vec4
    %pushi/vec4 544437345, 0, 32; draw_string_vec4
    %concat/vec4; draw_string_vec4
    %pushi/vec4 1920234272, 0, 32; draw_string_vec4
    %concat/vec4; draw_string_vec4
    %pushi/vec4 2003399784, 0, 32; draw_string_vec4
    %concat/vec4; draw_string_vec4
    %pushi/vec4 543387509, 0, 32; draw_string_vec4
    %concat/vec4; draw_string_vec4
    %pushi/vec4 1853121647, 0, 32; draw_string_vec4
    %concat/vec4; draw_string_vec4
    %pushi/vec4 2003705912, 0, 32; draw_string_vec4
    %concat/vec4; draw_string_vec4
    %store/vec4 v0000022320d4c9c0_0, 0, 1024;
    %fork TD_tb_smart_school_zone_controller.expect_lights, S_0000022320d04700;
    %join;
    %fork TD_tb_smart_school_zone_controller.wait_tick, S_0000022320cd2720;
    %join;
    %pushi/vec4 4, 0, 3;
    %store/vec4 v0000022320d4c7e0_0, 0, 3;
    %pushi/vec4 4, 0, 3;
    %store/vec4 v0000022320d4c880_0, 0, 3;
    %pushi/vec4 1, 0, 1;
    %store/vec4 v0000022320d4c920_0, 0, 1;
    %pushi/vec4 7, 0, 4;
    %store/vec4 v0000022320d41930_0, 0, 4;
    %pushi/vec4 0, 0, 32; draw_string_vec4
    %pushi/vec4 0, 0, 32; draw_string_vec4
    %concat/vec4; draw_string_vec4
    %pushi/vec4 0, 0, 32; draw_string_vec4
    %concat/vec4; draw_string_vec4
    %pushi/vec4 0, 0, 32; draw_string_vec4
    %concat/vec4; draw_string_vec4
    %pushi/vec4 0, 0, 32; draw_string_vec4
    %concat/vec4; draw_string_vec4
    %pushi/vec4 0, 0, 32; draw_string_vec4
    %concat/vec4; draw_string_vec4
    %pushi/vec4 0, 0, 32; draw_string_vec4
    %concat/vec4; draw_string_vec4
    %pushi/vec4 0, 0, 32; draw_string_vec4
    %concat/vec4; draw_string_vec4
    %pushi/vec4 0, 0, 32; draw_string_vec4
    %concat/vec4; draw_string_vec4
    %pushi/vec4 0, 0, 32; draw_string_vec4
    %concat/vec4; draw_string_vec4
    %pushi/vec4 0, 0, 32; draw_string_vec4
    %concat/vec4; draw_string_vec4
    %pushi/vec4 0, 0, 32; draw_string_vec4
    %concat/vec4; draw_string_vec4
    %pushi/vec4 0, 0, 32; draw_string_vec4
    %concat/vec4; draw_string_vec4
    %pushi/vec4 0, 0, 32; draw_string_vec4
    %concat/vec4; draw_string_vec4
    %pushi/vec4 0, 0, 32; draw_string_vec4
    %concat/vec4; draw_string_vec4
    %pushi/vec4 0, 0, 32; draw_string_vec4
    %concat/vec4; draw_string_vec4
    %pushi/vec4 0, 0, 32; draw_string_vec4
    %concat/vec4; draw_string_vec4
    %pushi/vec4 0, 0, 32; draw_string_vec4
    %concat/vec4; draw_string_vec4
    %pushi/vec4 0, 0, 32; draw_string_vec4
    %concat/vec4; draw_string_vec4
    %pushi/vec4 0, 0, 32; draw_string_vec4
    %concat/vec4; draw_string_vec4
    %pushi/vec4 0, 0, 32; draw_string_vec4
    %concat/vec4; draw_string_vec4
    %pushi/vec4 0, 0, 32; draw_string_vec4
    %concat/vec4; draw_string_vec4
    %pushi/vec4 0, 0, 32; draw_string_vec4
    %concat/vec4; draw_string_vec4
    %pushi/vec4 0, 0, 32; draw_string_vec4
    %concat/vec4; draw_string_vec4
    %pushi/vec4 0, 0, 32; draw_string_vec4
    %concat/vec4; draw_string_vec4
    %pushi/vec4 0, 0, 32; draw_string_vec4
    %concat/vec4; draw_string_vec4
    %pushi/vec4 7562088, 0, 32; draw_string_vec4
    %concat/vec4; draw_string_vec4
    %pushi/vec4 1869573152, 0, 32; draw_string_vec4
    %concat/vec4; draw_string_vec4
    %pushi/vec4 2002873451, 0, 32; draw_string_vec4
    %concat/vec4; draw_string_vec4
    %pushi/vec4 543387509, 0, 32; draw_string_vec4
    %concat/vec4; draw_string_vec4
    %pushi/vec4 1853121647, 0, 32; draw_string_vec4
    %concat/vec4; draw_string_vec4
    %pushi/vec4 2003705911, 0, 32; draw_string_vec4
    %concat/vec4; draw_string_vec4
    %store/vec4 v0000022320d4c9c0_0, 0, 1024;
    %fork TD_tb_smart_school_zone_controller.expect_lights, S_0000022320d04700;
    %join;
    %fork TD_tb_smart_school_zone_controller.wait_tick, S_0000022320cd2720;
    %join;
    %pushi/vec4 4, 0, 3;
    %store/vec4 v0000022320d4c7e0_0, 0, 3;
    %pushi/vec4 4, 0, 3;
    %store/vec4 v0000022320d4c880_0, 0, 3;
    %pushi/vec4 1, 0, 1;
    %store/vec4 v0000022320d4c920_0, 0, 1;
    %pushi/vec4 6, 0, 4;
    %store/vec4 v0000022320d41930_0, 0, 4;
    %pushi/vec4 0, 0, 32; draw_string_vec4
    %pushi/vec4 0, 0, 32; draw_string_vec4
    %concat/vec4; draw_string_vec4
    %pushi/vec4 0, 0, 32; draw_string_vec4
    %concat/vec4; draw_string_vec4
    %pushi/vec4 0, 0, 32; draw_string_vec4
    %concat/vec4; draw_string_vec4
    %pushi/vec4 0, 0, 32; draw_string_vec4
    %concat/vec4; draw_string_vec4
    %pushi/vec4 0, 0, 32; draw_string_vec4
    %concat/vec4; draw_string_vec4
    %pushi/vec4 0, 0, 32; draw_string_vec4
    %concat/vec4; draw_string_vec4
    %pushi/vec4 0, 0, 32; draw_string_vec4
    %concat/vec4; draw_string_vec4
    %pushi/vec4 0, 0, 32; draw_string_vec4
    %concat/vec4; draw_string_vec4
    %pushi/vec4 0, 0, 32; draw_string_vec4
    %concat/vec4; draw_string_vec4
    %pushi/vec4 0, 0, 32; draw_string_vec4
    %concat/vec4; draw_string_vec4
    %pushi/vec4 0, 0, 32; draw_string_vec4
    %concat/vec4; draw_string_vec4
    %pushi/vec4 0, 0, 32; draw_string_vec4
    %concat/vec4; draw_string_vec4
    %pushi/vec4 0, 0, 32; draw_string_vec4
    %concat/vec4; draw_string_vec4
    %pushi/vec4 0, 0, 32; draw_string_vec4
    %concat/vec4; draw_string_vec4
    %pushi/vec4 0, 0, 32; draw_string_vec4
    %concat/vec4; draw_string_vec4
    %pushi/vec4 0, 0, 32; draw_string_vec4
    %concat/vec4; draw_string_vec4
    %pushi/vec4 0, 0, 32; draw_string_vec4
    %concat/vec4; draw_string_vec4
    %pushi/vec4 0, 0, 32; draw_string_vec4
    %concat/vec4; draw_string_vec4
    %pushi/vec4 0, 0, 32; draw_string_vec4
    %concat/vec4; draw_string_vec4
    %pushi/vec4 0, 0, 32; draw_string_vec4
    %concat/vec4; draw_string_vec4
    %pushi/vec4 0, 0, 32; draw_string_vec4
    %concat/vec4; draw_string_vec4
    %pushi/vec4 0, 0, 32; draw_string_vec4
    %concat/vec4; draw_string_vec4
    %pushi/vec4 0, 0, 32; draw_string_vec4
    %concat/vec4; draw_string_vec4
    %pushi/vec4 0, 0, 32; draw_string_vec4
    %concat/vec4; draw_string_vec4
    %pushi/vec4 0, 0, 32; draw_string_vec4
    %concat/vec4; draw_string_vec4
    %pushi/vec4 7562088, 0, 32; draw_string_vec4
    %concat/vec4; draw_string_vec4
    %pushi/vec4 1869573152, 0, 32; draw_string_vec4
    %concat/vec4; draw_string_vec4
    %pushi/vec4 2002873451, 0, 32; draw_string_vec4
    %concat/vec4; draw_string_vec4
    %pushi/vec4 543387509, 0, 32; draw_string_vec4
    %concat/vec4; draw_string_vec4
    %pushi/vec4 1853121647, 0, 32; draw_string_vec4
    %concat/vec4; draw_string_vec4
    %pushi/vec4 2003705910, 0, 32; draw_string_vec4
    %concat/vec4; draw_string_vec4
    %store/vec4 v0000022320d4c9c0_0, 0, 1024;
    %fork TD_tb_smart_school_zone_controller.expect_lights, S_0000022320d04700;
    %join;
    %fork TD_tb_smart_school_zone_controller.wait_tick, S_0000022320cd2720;
    %join;
    %pushi/vec4 4, 0, 3;
    %store/vec4 v0000022320d4c7e0_0, 0, 3;
    %pushi/vec4 4, 0, 3;
    %store/vec4 v0000022320d4c880_0, 0, 3;
    %pushi/vec4 1, 0, 1;
    %store/vec4 v0000022320d4c920_0, 0, 1;
    %pushi/vec4 5, 0, 4;
    %store/vec4 v0000022320d41930_0, 0, 4;
    %pushi/vec4 0, 0, 32; draw_string_vec4
    %pushi/vec4 0, 0, 32; draw_string_vec4
    %concat/vec4; draw_string_vec4
    %pushi/vec4 0, 0, 32; draw_string_vec4
    %concat/vec4; draw_string_vec4
    %pushi/vec4 0, 0, 32; draw_string_vec4
    %concat/vec4; draw_string_vec4
    %pushi/vec4 0, 0, 32; draw_string_vec4
    %concat/vec4; draw_string_vec4
    %pushi/vec4 0, 0, 32; draw_string_vec4
    %concat/vec4; draw_string_vec4
    %pushi/vec4 0, 0, 32; draw_string_vec4
    %concat/vec4; draw_string_vec4
    %pushi/vec4 0, 0, 32; draw_string_vec4
    %concat/vec4; draw_string_vec4
    %pushi/vec4 0, 0, 32; draw_string_vec4
    %concat/vec4; draw_string_vec4
    %pushi/vec4 0, 0, 32; draw_string_vec4
    %concat/vec4; draw_string_vec4
    %pushi/vec4 0, 0, 32; draw_string_vec4
    %concat/vec4; draw_string_vec4
    %pushi/vec4 0, 0, 32; draw_string_vec4
    %concat/vec4; draw_string_vec4
    %pushi/vec4 0, 0, 32; draw_string_vec4
    %concat/vec4; draw_string_vec4
    %pushi/vec4 0, 0, 32; draw_string_vec4
    %concat/vec4; draw_string_vec4
    %pushi/vec4 0, 0, 32; draw_string_vec4
    %concat/vec4; draw_string_vec4
    %pushi/vec4 0, 0, 32; draw_string_vec4
    %concat/vec4; draw_string_vec4
    %pushi/vec4 0, 0, 32; draw_string_vec4
    %concat/vec4; draw_string_vec4
    %pushi/vec4 0, 0, 32; draw_string_vec4
    %concat/vec4; draw_string_vec4
    %pushi/vec4 0, 0, 32; draw_string_vec4
    %concat/vec4; draw_string_vec4
    %pushi/vec4 0, 0, 32; draw_string_vec4
    %concat/vec4; draw_string_vec4
    %pushi/vec4 0, 0, 32; draw_string_vec4
    %concat/vec4; draw_string_vec4
    %pushi/vec4 0, 0, 32; draw_string_vec4
    %concat/vec4; draw_string_vec4
    %pushi/vec4 0, 0, 32; draw_string_vec4
    %concat/vec4; draw_string_vec4
    %pushi/vec4 0, 0, 32; draw_string_vec4
    %concat/vec4; draw_string_vec4
    %pushi/vec4 0, 0, 32; draw_string_vec4
    %concat/vec4; draw_string_vec4
    %pushi/vec4 0, 0, 32; draw_string_vec4
    %concat/vec4; draw_string_vec4
    %pushi/vec4 7562088, 0, 32; draw_string_vec4
    %concat/vec4; draw_string_vec4
    %pushi/vec4 1869573152, 0, 32; draw_string_vec4
    %concat/vec4; draw_string_vec4
    %pushi/vec4 2002873451, 0, 32; draw_string_vec4
    %concat/vec4; draw_string_vec4
    %pushi/vec4 543387509, 0, 32; draw_string_vec4
    %concat/vec4; draw_string_vec4
    %pushi/vec4 1853121647, 0, 32; draw_string_vec4
    %concat/vec4; draw_string_vec4
    %pushi/vec4 2003705909, 0, 32; draw_string_vec4
    %concat/vec4; draw_string_vec4
    %store/vec4 v0000022320d4c9c0_0, 0, 1024;
    %fork TD_tb_smart_school_zone_controller.expect_lights, S_0000022320d04700;
    %join;
    %fork TD_tb_smart_school_zone_controller.wait_tick, S_0000022320cd2720;
    %join;
    %pushi/vec4 4, 0, 3;
    %store/vec4 v0000022320d4c7e0_0, 0, 3;
    %pushi/vec4 4, 0, 3;
    %store/vec4 v0000022320d4c880_0, 0, 3;
    %pushi/vec4 1, 0, 1;
    %store/vec4 v0000022320d4c920_0, 0, 1;
    %pushi/vec4 4, 0, 4;
    %store/vec4 v0000022320d41930_0, 0, 4;
    %pushi/vec4 0, 0, 32; draw_string_vec4
    %pushi/vec4 0, 0, 32; draw_string_vec4
    %concat/vec4; draw_string_vec4
    %pushi/vec4 0, 0, 32; draw_string_vec4
    %concat/vec4; draw_string_vec4
    %pushi/vec4 0, 0, 32; draw_string_vec4
    %concat/vec4; draw_string_vec4
    %pushi/vec4 0, 0, 32; draw_string_vec4
    %concat/vec4; draw_string_vec4
    %pushi/vec4 0, 0, 32; draw_string_vec4
    %concat/vec4; draw_string_vec4
    %pushi/vec4 0, 0, 32; draw_string_vec4
    %concat/vec4; draw_string_vec4
    %pushi/vec4 0, 0, 32; draw_string_vec4
    %concat/vec4; draw_string_vec4
    %pushi/vec4 0, 0, 32; draw_string_vec4
    %concat/vec4; draw_string_vec4
    %pushi/vec4 0, 0, 32; draw_string_vec4
    %concat/vec4; draw_string_vec4
    %pushi/vec4 0, 0, 32; draw_string_vec4
    %concat/vec4; draw_string_vec4
    %pushi/vec4 0, 0, 32; draw_string_vec4
    %concat/vec4; draw_string_vec4
    %pushi/vec4 0, 0, 32; draw_string_vec4
    %concat/vec4; draw_string_vec4
    %pushi/vec4 0, 0, 32; draw_string_vec4
    %concat/vec4; draw_string_vec4
    %pushi/vec4 0, 0, 32; draw_string_vec4
    %concat/vec4; draw_string_vec4
    %pushi/vec4 0, 0, 32; draw_string_vec4
    %concat/vec4; draw_string_vec4
    %pushi/vec4 0, 0, 32; draw_string_vec4
    %concat/vec4; draw_string_vec4
    %pushi/vec4 0, 0, 32; draw_string_vec4
    %concat/vec4; draw_string_vec4
    %pushi/vec4 0, 0, 32; draw_string_vec4
    %concat/vec4; draw_string_vec4
    %pushi/vec4 0, 0, 32; draw_string_vec4
    %concat/vec4; draw_string_vec4
    %pushi/vec4 0, 0, 32; draw_string_vec4
    %concat/vec4; draw_string_vec4
    %pushi/vec4 0, 0, 32; draw_string_vec4
    %concat/vec4; draw_string_vec4
    %pushi/vec4 0, 0, 32; draw_string_vec4
    %concat/vec4; draw_string_vec4
    %pushi/vec4 0, 0, 32; draw_string_vec4
    %concat/vec4; draw_string_vec4
    %pushi/vec4 0, 0, 32; draw_string_vec4
    %concat/vec4; draw_string_vec4
    %pushi/vec4 0, 0, 32; draw_string_vec4
    %concat/vec4; draw_string_vec4
    %pushi/vec4 7562088, 0, 32; draw_string_vec4
    %concat/vec4; draw_string_vec4
    %pushi/vec4 1869573152, 0, 32; draw_string_vec4
    %concat/vec4; draw_string_vec4
    %pushi/vec4 2002873451, 0, 32; draw_string_vec4
    %concat/vec4; draw_string_vec4
    %pushi/vec4 543387509, 0, 32; draw_string_vec4
    %concat/vec4; draw_string_vec4
    %pushi/vec4 1853121647, 0, 32; draw_string_vec4
    %concat/vec4; draw_string_vec4
    %pushi/vec4 2003705908, 0, 32; draw_string_vec4
    %concat/vec4; draw_string_vec4
    %store/vec4 v0000022320d4c9c0_0, 0, 1024;
    %fork TD_tb_smart_school_zone_controller.expect_lights, S_0000022320d04700;
    %join;
    %fork TD_tb_smart_school_zone_controller.wait_tick, S_0000022320cd2720;
    %join;
    %pushi/vec4 4, 0, 3;
    %store/vec4 v0000022320d4c7e0_0, 0, 3;
    %pushi/vec4 4, 0, 3;
    %store/vec4 v0000022320d4c880_0, 0, 3;
    %pushi/vec4 1, 0, 1;
    %store/vec4 v0000022320d4c920_0, 0, 1;
    %pushi/vec4 3, 0, 4;
    %store/vec4 v0000022320d41930_0, 0, 4;
    %pushi/vec4 0, 0, 32; draw_string_vec4
    %pushi/vec4 0, 0, 32; draw_string_vec4
    %concat/vec4; draw_string_vec4
    %pushi/vec4 0, 0, 32; draw_string_vec4
    %concat/vec4; draw_string_vec4
    %pushi/vec4 0, 0, 32; draw_string_vec4
    %concat/vec4; draw_string_vec4
    %pushi/vec4 0, 0, 32; draw_string_vec4
    %concat/vec4; draw_string_vec4
    %pushi/vec4 0, 0, 32; draw_string_vec4
    %concat/vec4; draw_string_vec4
    %pushi/vec4 0, 0, 32; draw_string_vec4
    %concat/vec4; draw_string_vec4
    %pushi/vec4 0, 0, 32; draw_string_vec4
    %concat/vec4; draw_string_vec4
    %pushi/vec4 0, 0, 32; draw_string_vec4
    %concat/vec4; draw_string_vec4
    %pushi/vec4 0, 0, 32; draw_string_vec4
    %concat/vec4; draw_string_vec4
    %pushi/vec4 0, 0, 32; draw_string_vec4
    %concat/vec4; draw_string_vec4
    %pushi/vec4 0, 0, 32; draw_string_vec4
    %concat/vec4; draw_string_vec4
    %pushi/vec4 0, 0, 32; draw_string_vec4
    %concat/vec4; draw_string_vec4
    %pushi/vec4 0, 0, 32; draw_string_vec4
    %concat/vec4; draw_string_vec4
    %pushi/vec4 0, 0, 32; draw_string_vec4
    %concat/vec4; draw_string_vec4
    %pushi/vec4 0, 0, 32; draw_string_vec4
    %concat/vec4; draw_string_vec4
    %pushi/vec4 0, 0, 32; draw_string_vec4
    %concat/vec4; draw_string_vec4
    %pushi/vec4 0, 0, 32; draw_string_vec4
    %concat/vec4; draw_string_vec4
    %pushi/vec4 0, 0, 32; draw_string_vec4
    %concat/vec4; draw_string_vec4
    %pushi/vec4 0, 0, 32; draw_string_vec4
    %concat/vec4; draw_string_vec4
    %pushi/vec4 0, 0, 32; draw_string_vec4
    %concat/vec4; draw_string_vec4
    %pushi/vec4 0, 0, 32; draw_string_vec4
    %concat/vec4; draw_string_vec4
    %pushi/vec4 0, 0, 32; draw_string_vec4
    %concat/vec4; draw_string_vec4
    %pushi/vec4 0, 0, 32; draw_string_vec4
    %concat/vec4; draw_string_vec4
    %pushi/vec4 0, 0, 32; draw_string_vec4
    %concat/vec4; draw_string_vec4
    %pushi/vec4 0, 0, 32; draw_string_vec4
    %concat/vec4; draw_string_vec4
    %pushi/vec4 7562088, 0, 32; draw_string_vec4
    %concat/vec4; draw_string_vec4
    %pushi/vec4 1869573152, 0, 32; draw_string_vec4
    %concat/vec4; draw_string_vec4
    %pushi/vec4 2002873451, 0, 32; draw_string_vec4
    %concat/vec4; draw_string_vec4
    %pushi/vec4 543387509, 0, 32; draw_string_vec4
    %concat/vec4; draw_string_vec4
    %pushi/vec4 1853121647, 0, 32; draw_string_vec4
    %concat/vec4; draw_string_vec4
    %pushi/vec4 2003705907, 0, 32; draw_string_vec4
    %concat/vec4; draw_string_vec4
    %store/vec4 v0000022320d4c9c0_0, 0, 1024;
    %fork TD_tb_smart_school_zone_controller.expect_lights, S_0000022320d04700;
    %join;
    %fork TD_tb_smart_school_zone_controller.wait_tick, S_0000022320cd2720;
    %join;
    %pushi/vec4 4, 0, 3;
    %store/vec4 v0000022320d4c7e0_0, 0, 3;
    %pushi/vec4 4, 0, 3;
    %store/vec4 v0000022320d4c880_0, 0, 3;
    %pushi/vec4 1, 0, 1;
    %store/vec4 v0000022320d4c920_0, 0, 1;
    %pushi/vec4 2, 0, 4;
    %store/vec4 v0000022320d41930_0, 0, 4;
    %pushi/vec4 0, 0, 32; draw_string_vec4
    %pushi/vec4 0, 0, 32; draw_string_vec4
    %concat/vec4; draw_string_vec4
    %pushi/vec4 0, 0, 32; draw_string_vec4
    %concat/vec4; draw_string_vec4
    %pushi/vec4 0, 0, 32; draw_string_vec4
    %concat/vec4; draw_string_vec4
    %pushi/vec4 0, 0, 32; draw_string_vec4
    %concat/vec4; draw_string_vec4
    %pushi/vec4 0, 0, 32; draw_string_vec4
    %concat/vec4; draw_string_vec4
    %pushi/vec4 0, 0, 32; draw_string_vec4
    %concat/vec4; draw_string_vec4
    %pushi/vec4 0, 0, 32; draw_string_vec4
    %concat/vec4; draw_string_vec4
    %pushi/vec4 0, 0, 32; draw_string_vec4
    %concat/vec4; draw_string_vec4
    %pushi/vec4 0, 0, 32; draw_string_vec4
    %concat/vec4; draw_string_vec4
    %pushi/vec4 0, 0, 32; draw_string_vec4
    %concat/vec4; draw_string_vec4
    %pushi/vec4 0, 0, 32; draw_string_vec4
    %concat/vec4; draw_string_vec4
    %pushi/vec4 0, 0, 32; draw_string_vec4
    %concat/vec4; draw_string_vec4
    %pushi/vec4 0, 0, 32; draw_string_vec4
    %concat/vec4; draw_string_vec4
    %pushi/vec4 0, 0, 32; draw_string_vec4
    %concat/vec4; draw_string_vec4
    %pushi/vec4 0, 0, 32; draw_string_vec4
    %concat/vec4; draw_string_vec4
    %pushi/vec4 0, 0, 32; draw_string_vec4
    %concat/vec4; draw_string_vec4
    %pushi/vec4 0, 0, 32; draw_string_vec4
    %concat/vec4; draw_string_vec4
    %pushi/vec4 0, 0, 32; draw_string_vec4
    %concat/vec4; draw_string_vec4
    %pushi/vec4 0, 0, 32; draw_string_vec4
    %concat/vec4; draw_string_vec4
    %pushi/vec4 0, 0, 32; draw_string_vec4
    %concat/vec4; draw_string_vec4
    %pushi/vec4 0, 0, 32; draw_string_vec4
    %concat/vec4; draw_string_vec4
    %pushi/vec4 0, 0, 32; draw_string_vec4
    %concat/vec4; draw_string_vec4
    %pushi/vec4 0, 0, 32; draw_string_vec4
    %concat/vec4; draw_string_vec4
    %pushi/vec4 0, 0, 32; draw_string_vec4
    %concat/vec4; draw_string_vec4
    %pushi/vec4 0, 0, 32; draw_string_vec4
    %concat/vec4; draw_string_vec4
    %pushi/vec4 7562088, 0, 32; draw_string_vec4
    %concat/vec4; draw_string_vec4
    %pushi/vec4 1869573152, 0, 32; draw_string_vec4
    %concat/vec4; draw_string_vec4
    %pushi/vec4 2002873451, 0, 32; draw_string_vec4
    %concat/vec4; draw_string_vec4
    %pushi/vec4 543387509, 0, 32; draw_string_vec4
    %concat/vec4; draw_string_vec4
    %pushi/vec4 1853121647, 0, 32; draw_string_vec4
    %concat/vec4; draw_string_vec4
    %pushi/vec4 2003705906, 0, 32; draw_string_vec4
    %concat/vec4; draw_string_vec4
    %store/vec4 v0000022320d4c9c0_0, 0, 1024;
    %fork TD_tb_smart_school_zone_controller.expect_lights, S_0000022320d04700;
    %join;
    %fork TD_tb_smart_school_zone_controller.wait_tick, S_0000022320cd2720;
    %join;
    %pushi/vec4 4, 0, 3;
    %store/vec4 v0000022320d4c7e0_0, 0, 3;
    %pushi/vec4 4, 0, 3;
    %store/vec4 v0000022320d4c880_0, 0, 3;
    %pushi/vec4 1, 0, 1;
    %store/vec4 v0000022320d4c920_0, 0, 1;
    %pushi/vec4 1, 0, 4;
    %store/vec4 v0000022320d41930_0, 0, 4;
    %pushi/vec4 0, 0, 32; draw_string_vec4
    %pushi/vec4 0, 0, 32; draw_string_vec4
    %concat/vec4; draw_string_vec4
    %pushi/vec4 0, 0, 32; draw_string_vec4
    %concat/vec4; draw_string_vec4
    %pushi/vec4 0, 0, 32; draw_string_vec4
    %concat/vec4; draw_string_vec4
    %pushi/vec4 0, 0, 32; draw_string_vec4
    %concat/vec4; draw_string_vec4
    %pushi/vec4 0, 0, 32; draw_string_vec4
    %concat/vec4; draw_string_vec4
    %pushi/vec4 0, 0, 32; draw_string_vec4
    %concat/vec4; draw_string_vec4
    %pushi/vec4 0, 0, 32; draw_string_vec4
    %concat/vec4; draw_string_vec4
    %pushi/vec4 0, 0, 32; draw_string_vec4
    %concat/vec4; draw_string_vec4
    %pushi/vec4 0, 0, 32; draw_string_vec4
    %concat/vec4; draw_string_vec4
    %pushi/vec4 0, 0, 32; draw_string_vec4
    %concat/vec4; draw_string_vec4
    %pushi/vec4 0, 0, 32; draw_string_vec4
    %concat/vec4; draw_string_vec4
    %pushi/vec4 0, 0, 32; draw_string_vec4
    %concat/vec4; draw_string_vec4
    %pushi/vec4 0, 0, 32; draw_string_vec4
    %concat/vec4; draw_string_vec4
    %pushi/vec4 0, 0, 32; draw_string_vec4
    %concat/vec4; draw_string_vec4
    %pushi/vec4 0, 0, 32; draw_string_vec4
    %concat/vec4; draw_string_vec4
    %pushi/vec4 0, 0, 32; draw_string_vec4
    %concat/vec4; draw_string_vec4
    %pushi/vec4 0, 0, 32; draw_string_vec4
    %concat/vec4; draw_string_vec4
    %pushi/vec4 0, 0, 32; draw_string_vec4
    %concat/vec4; draw_string_vec4
    %pushi/vec4 0, 0, 32; draw_string_vec4
    %concat/vec4; draw_string_vec4
    %pushi/vec4 0, 0, 32; draw_string_vec4
    %concat/vec4; draw_string_vec4
    %pushi/vec4 0, 0, 32; draw_string_vec4
    %concat/vec4; draw_string_vec4
    %pushi/vec4 0, 0, 32; draw_string_vec4
    %concat/vec4; draw_string_vec4
    %pushi/vec4 0, 0, 32; draw_string_vec4
    %concat/vec4; draw_string_vec4
    %pushi/vec4 0, 0, 32; draw_string_vec4
    %concat/vec4; draw_string_vec4
    %pushi/vec4 0, 0, 32; draw_string_vec4
    %concat/vec4; draw_string_vec4
    %pushi/vec4 7562088, 0, 32; draw_string_vec4
    %concat/vec4; draw_string_vec4
    %pushi/vec4 1869573152, 0, 32; draw_string_vec4
    %concat/vec4; draw_string_vec4
    %pushi/vec4 2002873451, 0, 32; draw_string_vec4
    %concat/vec4; draw_string_vec4
    %pushi/vec4 543387509, 0, 32; draw_string_vec4
    %concat/vec4; draw_string_vec4
    %pushi/vec4 1853121647, 0, 32; draw_string_vec4
    %concat/vec4; draw_string_vec4
    %pushi/vec4 2003705905, 0, 32; draw_string_vec4
    %concat/vec4; draw_string_vec4
    %store/vec4 v0000022320d4c9c0_0, 0, 1024;
    %fork TD_tb_smart_school_zone_controller.expect_lights, S_0000022320d04700;
    %join;
    %fork TD_tb_smart_school_zone_controller.wait_tick, S_0000022320cd2720;
    %join;
    %pushi/vec4 4, 0, 3;
    %store/vec4 v0000022320d4c7e0_0, 0, 3;
    %pushi/vec4 4, 0, 3;
    %store/vec4 v0000022320d4c880_0, 0, 3;
    %pushi/vec4 1, 0, 1;
    %store/vec4 v0000022320d4c920_0, 0, 1;
    %pushi/vec4 0, 0, 4;
    %store/vec4 v0000022320d41930_0, 0, 4;
    %pushi/vec4 0, 0, 32; draw_string_vec4
    %pushi/vec4 0, 0, 32; draw_string_vec4
    %concat/vec4; draw_string_vec4
    %pushi/vec4 0, 0, 32; draw_string_vec4
    %concat/vec4; draw_string_vec4
    %pushi/vec4 0, 0, 32; draw_string_vec4
    %concat/vec4; draw_string_vec4
    %pushi/vec4 0, 0, 32; draw_string_vec4
    %concat/vec4; draw_string_vec4
    %pushi/vec4 0, 0, 32; draw_string_vec4
    %concat/vec4; draw_string_vec4
    %pushi/vec4 0, 0, 32; draw_string_vec4
    %concat/vec4; draw_string_vec4
    %pushi/vec4 0, 0, 32; draw_string_vec4
    %concat/vec4; draw_string_vec4
    %pushi/vec4 0, 0, 32; draw_string_vec4
    %concat/vec4; draw_string_vec4
    %pushi/vec4 0, 0, 32; draw_string_vec4
    %concat/vec4; draw_string_vec4
    %pushi/vec4 0, 0, 32; draw_string_vec4
    %concat/vec4; draw_string_vec4
    %pushi/vec4 0, 0, 32; draw_string_vec4
    %concat/vec4; draw_string_vec4
    %pushi/vec4 0, 0, 32; draw_string_vec4
    %concat/vec4; draw_string_vec4
    %pushi/vec4 0, 0, 32; draw_string_vec4
    %concat/vec4; draw_string_vec4
    %pushi/vec4 0, 0, 32; draw_string_vec4
    %concat/vec4; draw_string_vec4
    %pushi/vec4 0, 0, 32; draw_string_vec4
    %concat/vec4; draw_string_vec4
    %pushi/vec4 0, 0, 32; draw_string_vec4
    %concat/vec4; draw_string_vec4
    %pushi/vec4 0, 0, 32; draw_string_vec4
    %concat/vec4; draw_string_vec4
    %pushi/vec4 0, 0, 32; draw_string_vec4
    %concat/vec4; draw_string_vec4
    %pushi/vec4 0, 0, 32; draw_string_vec4
    %concat/vec4; draw_string_vec4
    %pushi/vec4 0, 0, 32; draw_string_vec4
    %concat/vec4; draw_string_vec4
    %pushi/vec4 0, 0, 32; draw_string_vec4
    %concat/vec4; draw_string_vec4
    %pushi/vec4 0, 0, 32; draw_string_vec4
    %concat/vec4; draw_string_vec4
    %pushi/vec4 0, 0, 32; draw_string_vec4
    %concat/vec4; draw_string_vec4
    %pushi/vec4 0, 0, 32; draw_string_vec4
    %concat/vec4; draw_string_vec4
    %pushi/vec4 0, 0, 32; draw_string_vec4
    %concat/vec4; draw_string_vec4
    %pushi/vec4 7562088, 0, 32; draw_string_vec4
    %concat/vec4; draw_string_vec4
    %pushi/vec4 1869573152, 0, 32; draw_string_vec4
    %concat/vec4; draw_string_vec4
    %pushi/vec4 2002873451, 0, 32; draw_string_vec4
    %concat/vec4; draw_string_vec4
    %pushi/vec4 543387509, 0, 32; draw_string_vec4
    %concat/vec4; draw_string_vec4
    %pushi/vec4 1853121647, 0, 32; draw_string_vec4
    %concat/vec4; draw_string_vec4
    %pushi/vec4 2003705904, 0, 32; draw_string_vec4
    %concat/vec4; draw_string_vec4
    %store/vec4 v0000022320d4c9c0_0, 0, 1024;
    %fork TD_tb_smart_school_zone_controller.expect_lights, S_0000022320d04700;
    %join;
    %fork TD_tb_smart_school_zone_controller.wait_tick, S_0000022320cd2720;
    %join;
    %pushi/vec4 4, 0, 3;
    %store/vec4 v0000022320d4c7e0_0, 0, 3;
    %pushi/vec4 2, 0, 3;
    %store/vec4 v0000022320d4c880_0, 0, 3;
    %pushi/vec4 0, 0, 1;
    %store/vec4 v0000022320d4c920_0, 0, 1;
    %pushi/vec4 0, 0, 4;
    %store/vec4 v0000022320d41930_0, 0, 4;
    %pushi/vec4 0, 0, 32; draw_string_vec4
    %pushi/vec4 0, 0, 32; draw_string_vec4
    %concat/vec4; draw_string_vec4
    %pushi/vec4 0, 0, 32; draw_string_vec4
    %concat/vec4; draw_string_vec4
    %pushi/vec4 0, 0, 32; draw_string_vec4
    %concat/vec4; draw_string_vec4
    %pushi/vec4 0, 0, 32; draw_string_vec4
    %concat/vec4; draw_string_vec4
    %pushi/vec4 0, 0, 32; draw_string_vec4
    %concat/vec4; draw_string_vec4
    %pushi/vec4 0, 0, 32; draw_string_vec4
    %concat/vec4; draw_string_vec4
    %pushi/vec4 0, 0, 32; draw_string_vec4
    %concat/vec4; draw_string_vec4
    %pushi/vec4 0, 0, 32; draw_string_vec4
    %concat/vec4; draw_string_vec4
    %pushi/vec4 0, 0, 32; draw_string_vec4
    %concat/vec4; draw_string_vec4
    %pushi/vec4 0, 0, 32; draw_string_vec4
    %concat/vec4; draw_string_vec4
    %pushi/vec4 0, 0, 32; draw_string_vec4
    %concat/vec4; draw_string_vec4
    %pushi/vec4 0, 0, 32; draw_string_vec4
    %concat/vec4; draw_string_vec4
    %pushi/vec4 0, 0, 32; draw_string_vec4
    %concat/vec4; draw_string_vec4
    %pushi/vec4 0, 0, 32; draw_string_vec4
    %concat/vec4; draw_string_vec4
    %pushi/vec4 0, 0, 32; draw_string_vec4
    %concat/vec4; draw_string_vec4
    %pushi/vec4 0, 0, 32; draw_string_vec4
    %concat/vec4; draw_string_vec4
    %pushi/vec4 0, 0, 32; draw_string_vec4
    %concat/vec4; draw_string_vec4
    %pushi/vec4 0, 0, 32; draw_string_vec4
    %concat/vec4; draw_string_vec4
    %pushi/vec4 0, 0, 32; draw_string_vec4
    %concat/vec4; draw_string_vec4
    %pushi/vec4 0, 0, 32; draw_string_vec4
    %concat/vec4; draw_string_vec4
    %pushi/vec4 0, 0, 32; draw_string_vec4
    %concat/vec4; draw_string_vec4
    %pushi/vec4 0, 0, 32; draw_string_vec4
    %concat/vec4; draw_string_vec4
    %pushi/vec4 0, 0, 32; draw_string_vec4
    %concat/vec4; draw_string_vec4
    %pushi/vec4 7823724, 0, 32; draw_string_vec4
    %concat/vec4; draw_string_vec4
    %pushi/vec4 1797288820, 0, 32; draw_string_vec4
    %concat/vec4; draw_string_vec4
    %pushi/vec4 1635018016, 0, 32; draw_string_vec4
    %concat/vec4; draw_string_vec4
    %pushi/vec4 1702390132, 0, 32; draw_string_vec4
    %concat/vec4; draw_string_vec4
    %pushi/vec4 1931506799, 0, 32; draw_string_vec4
    %concat/vec4; draw_string_vec4
    %pushi/vec4 544434532, 0, 32; draw_string_vec4
    %concat/vec4; draw_string_vec4
    %pushi/vec4 1696627045, 0, 32; draw_string_vec4
    %concat/vec4; draw_string_vec4
    %pushi/vec4 1819045751, 0, 32; draw_string_vec4
    %concat/vec4; draw_string_vec4
    %store/vec4 v0000022320d4c9c0_0, 0, 1024;
    %fork TD_tb_smart_school_zone_controller.expect_lights, S_0000022320d04700;
    %join;
    %vpi_call 2 184 "$display", "=== Scenario 6: Reset during Side Green edge case ===" {0 0 0};
    %pushi/vec4 3, 0, 32;
    %store/vec4 v0000022320dfd750_0, 0, 32;
    %fork TD_tb_smart_school_zone_controller.wait_ticks, S_0000022320cd28b0;
    %join;
    %pushi/vec4 0, 0, 1;
    %store/vec4 v0000022320dbccc0_0, 0, 1;
    %pushi/vec4 10, 0, 32;
    %store/vec4 v0000022320dfd750_0, 0, 32;
    %fork TD_tb_smart_school_zone_controller.wait_ticks, S_0000022320cd28b0;
    %join;
    %pushi/vec4 3, 0, 32;
    %store/vec4 v0000022320dfd750_0, 0, 32;
    %fork TD_tb_smart_school_zone_controller.wait_ticks, S_0000022320cd28b0;
    %join;
    %pushi/vec4 4, 0, 3;
    %store/vec4 v0000022320d4c7e0_0, 0, 3;
    %pushi/vec4 1, 0, 3;
    %store/vec4 v0000022320d4c880_0, 0, 3;
    %pushi/vec4 0, 0, 1;
    %store/vec4 v0000022320d4c920_0, 0, 1;
    %pushi/vec4 0, 0, 4;
    %store/vec4 v0000022320d41930_0, 0, 4;
    %pushi/vec4 0, 0, 32; draw_string_vec4
    %pushi/vec4 0, 0, 32; draw_string_vec4
    %concat/vec4; draw_string_vec4
    %pushi/vec4 0, 0, 32; draw_string_vec4
    %concat/vec4; draw_string_vec4
    %pushi/vec4 0, 0, 32; draw_string_vec4
    %concat/vec4; draw_string_vec4
    %pushi/vec4 0, 0, 32; draw_string_vec4
    %concat/vec4; draw_string_vec4
    %pushi/vec4 0, 0, 32; draw_string_vec4
    %concat/vec4; draw_string_vec4
    %pushi/vec4 0, 0, 32; draw_string_vec4
    %concat/vec4; draw_string_vec4
    %pushi/vec4 0, 0, 32; draw_string_vec4
    %concat/vec4; draw_string_vec4
    %pushi/vec4 0, 0, 32; draw_string_vec4
    %concat/vec4; draw_string_vec4
    %pushi/vec4 0, 0, 32; draw_string_vec4
    %concat/vec4; draw_string_vec4
    %pushi/vec4 0, 0, 32; draw_string_vec4
    %concat/vec4; draw_string_vec4
    %pushi/vec4 0, 0, 32; draw_string_vec4
    %concat/vec4; draw_string_vec4
    %pushi/vec4 0, 0, 32; draw_string_vec4
    %concat/vec4; draw_string_vec4
    %pushi/vec4 0, 0, 32; draw_string_vec4
    %concat/vec4; draw_string_vec4
    %pushi/vec4 0, 0, 32; draw_string_vec4
    %concat/vec4; draw_string_vec4
    %pushi/vec4 0, 0, 32; draw_string_vec4
    %concat/vec4; draw_string_vec4
    %pushi/vec4 0, 0, 32; draw_string_vec4
    %concat/vec4; draw_string_vec4
    %pushi/vec4 0, 0, 32; draw_string_vec4
    %concat/vec4; draw_string_vec4
    %pushi/vec4 0, 0, 32; draw_string_vec4
    %concat/vec4; draw_string_vec4
    %pushi/vec4 0, 0, 32; draw_string_vec4
    %concat/vec4; draw_string_vec4
    %pushi/vec4 99, 0, 32; draw_string_vec4
    %concat/vec4; draw_string_vec4
    %pushi/vec4 1869509746, 0, 32; draw_string_vec4
    %concat/vec4; draw_string_vec4
    %pushi/vec4 1869376613, 0, 32; draw_string_vec4
    %concat/vec4; draw_string_vec4
    %pushi/vec4 1914726771, 0, 32; draw_string_vec4
    %concat/vec4; draw_string_vec4
    %pushi/vec4 543780384, 0, 32; draw_string_vec4
    %concat/vec4; draw_string_vec4
    %pushi/vec4 1936286821, 0, 32; draw_string_vec4
    %concat/vec4; draw_string_vec4
    %pushi/vec4 543650405, 0, 32; draw_string_vec4
    %concat/vec4; draw_string_vec4
    %pushi/vec4 1701716066, 0, 32; draw_string_vec4
    %concat/vec4; draw_string_vec4
    %pushi/vec4 1701212018, 0, 32; draw_string_vec4
    %concat/vec4; draw_string_vec4
    %pushi/vec4 1696621924, 0, 32; draw_string_vec4
    %concat/vec4; draw_string_vec4
    %pushi/vec4 1734680690, 0, 32; draw_string_vec4
    %concat/vec4; draw_string_vec4
    %pushi/vec4 1702061428, 0, 32; draw_string_vec4
    %concat/vec4; draw_string_vec4
    %store/vec4 v0000022320d4c9c0_0, 0, 1024;
    %fork TD_tb_smart_school_zone_controller.expect_lights, S_0000022320d04700;
    %join;
    %pushi/vec4 1, 0, 1;
    %store/vec4 v0000022320dbc540_0, 0, 1;
    %delay 2000, 0;
    %pushi/vec4 1, 0, 3;
    %store/vec4 v0000022320d4c7e0_0, 0, 3;
    %pushi/vec4 4, 0, 3;
    %store/vec4 v0000022320d4c880_0, 0, 3;
    %pushi/vec4 0, 0, 1;
    %store/vec4 v0000022320d4c920_0, 0, 1;
    %pushi/vec4 0, 0, 4;
    %store/vec4 v0000022320d41930_0, 0, 4;
    %pushi/vec4 0, 0, 32; draw_string_vec4
    %pushi/vec4 0, 0, 32; draw_string_vec4
    %concat/vec4; draw_string_vec4
    %pushi/vec4 0, 0, 32; draw_string_vec4
    %concat/vec4; draw_string_vec4
    %pushi/vec4 0, 0, 32; draw_string_vec4
    %concat/vec4; draw_string_vec4
    %pushi/vec4 0, 0, 32; draw_string_vec4
    %concat/vec4; draw_string_vec4
    %pushi/vec4 0, 0, 32; draw_string_vec4
    %concat/vec4; draw_string_vec4
    %pushi/vec4 0, 0, 32; draw_string_vec4
    %concat/vec4; draw_string_vec4
    %pushi/vec4 0, 0, 32; draw_string_vec4
    %concat/vec4; draw_string_vec4
    %pushi/vec4 0, 0, 32; draw_string_vec4
    %concat/vec4; draw_string_vec4
    %pushi/vec4 0, 0, 32; draw_string_vec4
    %concat/vec4; draw_string_vec4
    %pushi/vec4 0, 0, 32; draw_string_vec4
    %concat/vec4; draw_string_vec4
    %pushi/vec4 0, 0, 32; draw_string_vec4
    %concat/vec4; draw_string_vec4
    %pushi/vec4 0, 0, 32; draw_string_vec4
    %concat/vec4; draw_string_vec4
    %pushi/vec4 0, 0, 32; draw_string_vec4
    %concat/vec4; draw_string_vec4
    %pushi/vec4 0, 0, 32; draw_string_vec4
    %concat/vec4; draw_string_vec4
    %pushi/vec4 0, 0, 32; draw_string_vec4
    %concat/vec4; draw_string_vec4
    %pushi/vec4 0, 0, 32; draw_string_vec4
    %concat/vec4; draw_string_vec4
    %pushi/vec4 0, 0, 32; draw_string_vec4
    %concat/vec4; draw_string_vec4
    %pushi/vec4 29285, 0, 32; draw_string_vec4
    %concat/vec4; draw_string_vec4
    %pushi/vec4 1936028704, 0, 32; draw_string_vec4
    %concat/vec4; draw_string_vec4
    %pushi/vec4 1685418601, 0, 32; draw_string_vec4
    %concat/vec4; draw_string_vec4
    %pushi/vec4 1852252275, 0, 32; draw_string_vec4
    %concat/vec4; draw_string_vec4
    %pushi/vec4 1768187168, 0, 32; draw_string_vec4
    %concat/vec4; draw_string_vec4
    %pushi/vec4 1735550309, 0, 32; draw_string_vec4
    %concat/vec4; draw_string_vec4
    %pushi/vec4 1847617901, 0, 32; draw_string_vec4
    %concat/vec4; draw_string_vec4
    %pushi/vec4 1835361385, 0, 32; draw_string_vec4
    %concat/vec4; draw_string_vec4
    %pushi/vec4 1635018092, 0, 32; draw_string_vec4
    %concat/vec4; draw_string_vec4
    %pushi/vec4 2032169573, 0, 32; draw_string_vec4
    %concat/vec4; draw_string_vec4
    %pushi/vec4 1953854062, 0, 32; draw_string_vec4
    %concat/vec4; draw_string_vec4
    %pushi/vec4 1931506529, 0, 32; draw_string_vec4
    %concat/vec4; draw_string_vec4
    %pushi/vec4 1717903475, 0, 32; draw_string_vec4
    %concat/vec4; draw_string_vec4
    %pushi/vec4 1952543845, 0, 32; draw_string_vec4
    %concat/vec4; draw_string_vec4
    %store/vec4 v0000022320d4c9c0_0, 0, 1024;
    %fork TD_tb_smart_school_zone_controller.expect_lights, S_0000022320d04700;
    %join;
    %pushi/vec4 0, 0, 1;
    %store/vec4 v0000022320dbc540_0, 0, 1;
    %fork TD_tb_smart_school_zone_controller.wait_tick, S_0000022320cd2720;
    %join;
    %vpi_call 2 196 "$display", "=== Scenario 7: Multiple pedestrian requests while served ===" {0 0 0};
    %pushi/vec4 1, 0, 1;
    %store/vec4 v0000022320dbccc0_0, 0, 1;
    %pushi/vec4 1, 0, 1;
    %store/vec4 v0000022320dbdbc0_0, 0, 1;
    %fork TD_tb_smart_school_zone_controller.wait_tick, S_0000022320cd2720;
    %join;
    %pushi/vec4 0, 0, 1;
    %store/vec4 v0000022320dbdbc0_0, 0, 1;
    %pushi/vec4 7, 0, 32;
    %store/vec4 v0000022320dfd750_0, 0, 32;
    %fork TD_tb_smart_school_zone_controller.wait_ticks, S_0000022320cd28b0;
    %join;
    %pushi/vec4 3, 0, 32;
    %store/vec4 v0000022320dfd750_0, 0, 32;
    %fork TD_tb_smart_school_zone_controller.wait_ticks, S_0000022320cd28b0;
    %join;
    %fork TD_tb_smart_school_zone_controller.wait_for_walk, S_0000022320da4430;
    %join;
    %pushi/vec4 4, 0, 3;
    %store/vec4 v0000022320d4c7e0_0, 0, 3;
    %pushi/vec4 4, 0, 3;
    %store/vec4 v0000022320d4c880_0, 0, 3;
    %pushi/vec4 1, 0, 1;
    %store/vec4 v0000022320d4c920_0, 0, 1;
    %pushi/vec4 8, 0, 4;
    %store/vec4 v0000022320d41930_0, 0, 4;
    %pushi/vec4 0, 0, 32; draw_string_vec4
    %pushi/vec4 0, 0, 32; draw_string_vec4
    %concat/vec4; draw_string_vec4
    %pushi/vec4 0, 0, 32; draw_string_vec4
    %concat/vec4; draw_string_vec4
    %pushi/vec4 0, 0, 32; draw_string_vec4
    %concat/vec4; draw_string_vec4
    %pushi/vec4 0, 0, 32; draw_string_vec4
    %concat/vec4; draw_string_vec4
    %pushi/vec4 0, 0, 32; draw_string_vec4
    %concat/vec4; draw_string_vec4
    %pushi/vec4 0, 0, 32; draw_string_vec4
    %concat/vec4; draw_string_vec4
    %pushi/vec4 0, 0, 32; draw_string_vec4
    %concat/vec4; draw_string_vec4
    %pushi/vec4 0, 0, 32; draw_string_vec4
    %concat/vec4; draw_string_vec4
    %pushi/vec4 0, 0, 32; draw_string_vec4
    %concat/vec4; draw_string_vec4
    %pushi/vec4 0, 0, 32; draw_string_vec4
    %concat/vec4; draw_string_vec4
    %pushi/vec4 0, 0, 32; draw_string_vec4
    %concat/vec4; draw_string_vec4
    %pushi/vec4 0, 0, 32; draw_string_vec4
    %concat/vec4; draw_string_vec4
    %pushi/vec4 0, 0, 32; draw_string_vec4
    %concat/vec4; draw_string_vec4
    %pushi/vec4 0, 0, 32; draw_string_vec4
    %concat/vec4; draw_string_vec4
    %pushi/vec4 0, 0, 32; draw_string_vec4
    %concat/vec4; draw_string_vec4
    %pushi/vec4 0, 0, 32; draw_string_vec4
    %concat/vec4; draw_string_vec4
    %pushi/vec4 0, 0, 32; draw_string_vec4
    %concat/vec4; draw_string_vec4
    %pushi/vec4 0, 0, 32; draw_string_vec4
    %concat/vec4; draw_string_vec4
    %pushi/vec4 0, 0, 32; draw_string_vec4
    %concat/vec4; draw_string_vec4
    %pushi/vec4 0, 0, 32; draw_string_vec4
    %concat/vec4; draw_string_vec4
    %pushi/vec4 0, 0, 32; draw_string_vec4
    %concat/vec4; draw_string_vec4
    %pushi/vec4 0, 0, 32; draw_string_vec4
    %concat/vec4; draw_string_vec4
    %pushi/vec4 0, 0, 32; draw_string_vec4
    %concat/vec4; draw_string_vec4
    %pushi/vec4 102, 0, 32; draw_string_vec4
    %concat/vec4; draw_string_vec4
    %pushi/vec4 1769108340, 0, 32; draw_string_vec4
    %concat/vec4; draw_string_vec4
    %pushi/vec4 544367985, 0, 32; draw_string_vec4
    %concat/vec4; draw_string_vec4
    %pushi/vec4 1969582964, 0, 32; draw_string_vec4
    %concat/vec4; draw_string_vec4
    %pushi/vec4 543781664, 0, 32; draw_string_vec4
    %concat/vec4; draw_string_vec4
    %pushi/vec4 1650813294, 0, 32; draw_string_vec4
    %concat/vec4; draw_string_vec4
    %pushi/vec4 1730179941, 0, 32; draw_string_vec4
    %concat/vec4; draw_string_vec4
    %pushi/vec4 1920361828, 0, 32; draw_string_vec4
    %concat/vec4; draw_string_vec4
    %store/vec4 v0000022320d4c9c0_0, 0, 1024;
    %fork TD_tb_smart_school_zone_controller.expect_lights, S_0000022320d04700;
    %join;
    %pushi/vec4 1, 0, 1;
    %store/vec4 v0000022320dbdbc0_0, 0, 1;
    %pushi/vec4 2, 0, 32;
    %store/vec4 v0000022320dfd750_0, 0, 32;
    %fork TD_tb_smart_school_zone_controller.wait_ticks, S_0000022320cd28b0;
    %join;
    %pushi/vec4 0, 0, 1;
    %store/vec4 v0000022320dbdbc0_0, 0, 1;
    %pushi/vec4 7, 0, 32;
    %store/vec4 v0000022320dfd750_0, 0, 32;
    %fork TD_tb_smart_school_zone_controller.wait_ticks, S_0000022320cd28b0;
    %join;
    %pushi/vec4 4, 0, 3;
    %store/vec4 v0000022320d4c7e0_0, 0, 3;
    %pushi/vec4 2, 0, 3;
    %store/vec4 v0000022320d4c880_0, 0, 3;
    %pushi/vec4 0, 0, 1;
    %store/vec4 v0000022320d4c920_0, 0, 1;
    %pushi/vec4 0, 0, 4;
    %store/vec4 v0000022320d41930_0, 0, 4;
    %pushi/vec4 0, 0, 32; draw_string_vec4
    %pushi/vec4 0, 0, 32; draw_string_vec4
    %concat/vec4; draw_string_vec4
    %pushi/vec4 0, 0, 32; draw_string_vec4
    %concat/vec4; draw_string_vec4
    %pushi/vec4 0, 0, 32; draw_string_vec4
    %concat/vec4; draw_string_vec4
    %pushi/vec4 0, 0, 32; draw_string_vec4
    %concat/vec4; draw_string_vec4
    %pushi/vec4 0, 0, 32; draw_string_vec4
    %concat/vec4; draw_string_vec4
    %pushi/vec4 0, 0, 32; draw_string_vec4
    %concat/vec4; draw_string_vec4
    %pushi/vec4 0, 0, 32; draw_string_vec4
    %concat/vec4; draw_string_vec4
    %pushi/vec4 0, 0, 32; draw_string_vec4
    %concat/vec4; draw_string_vec4
    %pushi/vec4 0, 0, 32; draw_string_vec4
    %concat/vec4; draw_string_vec4
    %pushi/vec4 0, 0, 32; draw_string_vec4
    %concat/vec4; draw_string_vec4
    %pushi/vec4 0, 0, 32; draw_string_vec4
    %concat/vec4; draw_string_vec4
    %pushi/vec4 0, 0, 32; draw_string_vec4
    %concat/vec4; draw_string_vec4
    %pushi/vec4 0, 0, 32; draw_string_vec4
    %concat/vec4; draw_string_vec4
    %pushi/vec4 0, 0, 32; draw_string_vec4
    %concat/vec4; draw_string_vec4
    %pushi/vec4 0, 0, 32; draw_string_vec4
    %concat/vec4; draw_string_vec4
    %pushi/vec4 0, 0, 32; draw_string_vec4
    %concat/vec4; draw_string_vec4
    %pushi/vec4 0, 0, 32; draw_string_vec4
    %concat/vec4; draw_string_vec4
    %pushi/vec4 0, 0, 32; draw_string_vec4
    %concat/vec4; draw_string_vec4
    %pushi/vec4 0, 0, 32; draw_string_vec4
    %concat/vec4; draw_string_vec4
    %pushi/vec4 6649972, 0, 32; draw_string_vec4
    %concat/vec4; draw_string_vec4
    %pushi/vec4 1918967922, 0, 32; draw_string_vec4
    %concat/vec4; draw_string_vec4
    %pushi/vec4 1701934437, 0, 32; draw_string_vec4
    %concat/vec4; draw_string_vec4
    %pushi/vec4 1936990308, 0, 32; draw_string_vec4
    %concat/vec4; draw_string_vec4
    %pushi/vec4 1970432366, 0, 32; draw_string_vec4
    %concat/vec4; draw_string_vec4
    %pushi/vec4 1730180961, 0, 32; draw_string_vec4
    %concat/vec4; draw_string_vec4
    %pushi/vec4 1818959972, 0, 32; draw_string_vec4
    %concat/vec4; draw_string_vec4
    %pushi/vec4 1868919584, 0, 32; draw_string_vec4
    %concat/vec4; draw_string_vec4
    %pushi/vec4 1852797984, 0, 32; draw_string_vec4
    %concat/vec4; draw_string_vec4
    %pushi/vec4 1919251316, 0, 32; draw_string_vec4
    %concat/vec4; draw_string_vec4
    %pushi/vec4 1634890784, 0, 32; draw_string_vec4
    %concat/vec4; draw_string_vec4
    %pushi/vec4 2002873451, 0, 32; draw_string_vec4
    %concat/vec4; draw_string_vec4
    %store/vec4 v0000022320d4c9c0_0, 0, 1024;
    %fork TD_tb_smart_school_zone_controller.expect_lights, S_0000022320d04700;
    %join;
    %pushi/vec4 3, 0, 32;
    %store/vec4 v0000022320dfd750_0, 0, 32;
    %fork TD_tb_smart_school_zone_controller.wait_ticks, S_0000022320cd28b0;
    %join;
    %pushi/vec4 1, 0, 3;
    %store/vec4 v0000022320d4c7e0_0, 0, 3;
    %pushi/vec4 4, 0, 3;
    %store/vec4 v0000022320d4c880_0, 0, 3;
    %pushi/vec4 0, 0, 1;
    %store/vec4 v0000022320d4c920_0, 0, 1;
    %pushi/vec4 0, 0, 4;
    %store/vec4 v0000022320d41930_0, 0, 4;
    %pushi/vec4 0, 0, 32; draw_string_vec4
    %pushi/vec4 0, 0, 32; draw_string_vec4
    %concat/vec4; draw_string_vec4
    %pushi/vec4 0, 0, 32; draw_string_vec4
    %concat/vec4; draw_string_vec4
    %pushi/vec4 0, 0, 32; draw_string_vec4
    %concat/vec4; draw_string_vec4
    %pushi/vec4 0, 0, 32; draw_string_vec4
    %concat/vec4; draw_string_vec4
    %pushi/vec4 0, 0, 32; draw_string_vec4
    %concat/vec4; draw_string_vec4
    %pushi/vec4 0, 0, 32; draw_string_vec4
    %concat/vec4; draw_string_vec4
    %pushi/vec4 0, 0, 32; draw_string_vec4
    %concat/vec4; draw_string_vec4
    %pushi/vec4 0, 0, 32; draw_string_vec4
    %concat/vec4; draw_string_vec4
    %pushi/vec4 0, 0, 32; draw_string_vec4
    %concat/vec4; draw_string_vec4
    %pushi/vec4 0, 0, 32; draw_string_vec4
    %concat/vec4; draw_string_vec4
    %pushi/vec4 0, 0, 32; draw_string_vec4
    %concat/vec4; draw_string_vec4
    %pushi/vec4 0, 0, 32; draw_string_vec4
    %concat/vec4; draw_string_vec4
    %pushi/vec4 0, 0, 32; draw_string_vec4
    %concat/vec4; draw_string_vec4
    %pushi/vec4 0, 0, 32; draw_string_vec4
    %concat/vec4; draw_string_vec4
    %pushi/vec4 0, 0, 32; draw_string_vec4
    %concat/vec4; draw_string_vec4
    %pushi/vec4 0, 0, 32; draw_string_vec4
    %concat/vec4; draw_string_vec4
    %pushi/vec4 25455, 0, 32; draw_string_vec4
    %concat/vec4; draw_string_vec4
    %pushi/vec4 1853125231, 0, 32; draw_string_vec4
    %concat/vec4; draw_string_vec4
    %pushi/vec4 1819043186, 0, 32; draw_string_vec4
    %concat/vec4; draw_string_vec4
    %pushi/vec4 544367988, 0, 32; draw_string_vec4
    %concat/vec4; draw_string_vec4
    %pushi/vec4 1970433651, 0, 32; draw_string_vec4
    %concat/vec4; draw_string_vec4
    %pushi/vec4 544501536, 0, 32; draw_string_vec4
    %concat/vec4; draw_string_vec4
    %pushi/vec4 1852797549, 0, 32; draw_string_vec4
    %concat/vec4; draw_string_vec4
    %pushi/vec4 1634476147, 0, 32; draw_string_vec4
    %concat/vec4; draw_string_vec4
    %pushi/vec4 1701934437, 0, 32; draw_string_vec4
    %concat/vec4; draw_string_vec4
    %pushi/vec4 1852007712, 0, 32; draw_string_vec4
    %concat/vec4; draw_string_vec4
    %pushi/vec4 1634104421, 0, 32; draw_string_vec4
    %concat/vec4; draw_string_vec4
    %pushi/vec4 1914729317, 0, 32; draw_string_vec4
    %concat/vec4; draw_string_vec4
    %pushi/vec4 1920361828, 0, 32; draw_string_vec4
    %concat/vec4; draw_string_vec4
    %pushi/vec4 544367985, 0, 32; draw_string_vec4
    %concat/vec4; draw_string_vec4
    %pushi/vec4 1969582964, 0, 32; draw_string_vec4
    %concat/vec4; draw_string_vec4
    %store/vec4 v0000022320d4c9c0_0, 0, 1024;
    %fork TD_tb_smart_school_zone_controller.expect_lights, S_0000022320d04700;
    %join;
    %load/vec4 v0000022320dfde30_0;
    %cmpi/e 0, 0, 32;
    %jmp/0xz  T_9.2, 4;
    %vpi_call 2 214 "$display", "=== SIMULATION PASSED: all smart school-zone controller checks succeeded ===" {0 0 0};
    %jmp T_9.3;
T_9.2 ;
    %vpi_call 2 216 "$display", "=== SIMULATION FAILED: %0d check(s) failed ===", v0000022320dfde30_0 {0 0 0};
T_9.3 ;
    %vpi_call 2 219 "$finish" {0 0 0};
    %end;
    .thread T_9;
# The file index is used to find the file name in the following table.
:file_names 4;
    "N/A";
    "<interactive>";
    "tb_smart_school_zone_controller.v";
    "smart_school_zone_controller.v";
